UDI,Product ID,Type,Air temperature [K],Process temperature [K],Rotational speed [rpm],Torque [Nm],Tool wear [min],Machine failure,TWF,HDF,PWF,OSF,RNF
4114,L51293,L,302.0,310.6,1325,55.3,192,0,0,0,0,0,0
7205,L54384,L,299.8,309.6,1526,41.7,85,0,0,0,0,0,0
7515,L54694,L,300.4,311.8,1636,32.3,7,0,0,0,0,0,0
8378,L55557,L,298.8,309.7,1336,50.3,44,0,0,0,0,0,0
5643,L52822,L,302.5,312.0,1495,38.8,186,0,0,0,0,0,0
9389,M24248,M,297.5,307.9,1544,37.9,136,0,0,0,0,0,0
3803,M18662,M,302.2,310.9,1488,44.2,57,0,0,0,0,0,0
7747,M22606,M,300.4,311.7,1508,45.4,164,0,0,0,0,0,0
8962,M23821,M,297.3,308.0,1403,45.0,77,0,0,0,0,0,0
8747,L55926,L,297.3,308.5,1528,44.5,140,0,0,0,0,0,0
4299,M19158,M,301.8,310.2,1437,42.3,0,0,0,0,0,0,0
7975,L55154,L,301.2,312.3,1528,38.4,85,0,0,0,0,0,0
5668,L52847,L,302.2,311.4,2080,19.2,31,0,0,0,0,0,0
7232,L54411,L,299.8,309.9,1553,36.6,157,0,0,0,0,0,0
1556,L48735,L,298.4,308.6,1491,42.0,120,0,0,0,0,0,0
6815,H36228,H,300.8,310.6,1465,44.1,136,0,0,0,0,0,0
5626,L52805,L,302.7,312.1,1728,24.4,146,0,0,0,0,0,0
5365,L52544,L,303.2,312.6,1601,35.3,148,0,0,0,0,0,0
5266,M20125,M,303.5,312.9,1883,23.3,100,0,0,0,0,0,0
1272,H30685,H,298.0,309.4,1490,40.5,53,0,0,0,0,0,0
1161,H30574,H,297.0,307.7,1834,23.8,195,0,0,0,0,0,0
6121,M20980,M,300.9,311.2,1472,40.0,93,0,0,0,0,0,0
6870,L54049,L,301.0,311.2,1412,42.1,64,0,0,0,0,0,0
3620,L50799,L,301.9,311.2,1435,44.2,16,0,0,0,0,0,0
7870,M22729,M,300.5,312.0,1779,27.7,46,0,0,0,0,0,0
8480,L55659,L,298.6,309.7,1627,33.4,99,0,0,0,0,0,0
657,M15516,M,297.7,309.1,1732,28.1,167,0,0,0,0,0,0
5406,L52585,L,302.7,312.4,1444,48.7,9,0,0,0,0,0,0
1828,M16687,M,297.9,307.3,1420,47.8,171,0,0,0,0,0,0
2764,L49943,L,299.8,309.2,1491,47.5,216,0,0,0,0,0,0
7522,M22381,M,300.2,311.6,1467,40.7,23,0,0,0,0,0,0
5511,L52690,L,302.8,312.1,1418,51.4,54,0,0,0,0,0,0
2329,L49508,L,299.3,308.7,1579,36.3,211,0,0,0,0,0,0
4985,L52164,L,303.8,313.1,1256,58.7,213,1,0,0,0,1,0
5192,L52371,L,304.0,313.2,1416,46.0,128,0,0,0,0,0,0
5499,M20358,M,302.9,312.5,1903,21.2,23,0,0,0,0,0,0
2314,M17173,M,299.1,308.8,1725,26.6,172,0,0,0,0,0,0
8170,M23029,M,299.8,311.2,1745,26.3,150,0,0,0,0,0,0
630,L47809,L,298.3,310.1,1523,45.9,99,0,0,0,0,0,0
75,L47254,L,298.9,309.0,1601,32.3,202,0,0,0,0,0,0
7544,L54723,L,300.3,311.5,1446,45.0,82,0,0,0,0,0,0
8511,L55690,L,298.3,309.7,1484,44.3,173,0,0,0,0,0,0
5447,L52626,L,303.1,312.9,1511,40.1,107,0,0,0,0,0,0
5821,L53000,L,301.3,311.1,1723,27.6,210,0,0,0,0,0,0
7064,L54243,L,300.7,310.4,1234,51.7,160,0,0,0,0,0,0
397,L47576,L,297.4,308.3,1490,42.6,164,0,0,0,0,0,0
4208,M19067,M,302.3,310.9,1710,30.4,218,1,1,0,0,0,0
2733,L49912,L,299.7,309.2,1346,57.4,138,0,0,0,0,0,0
8248,L55427,L,299.0,310.4,1713,28.0,116,0,0,0,0,0,0
7359,M22218,M,299.5,310.1,1659,31.5,44,0,0,0,0,0,0
3365,L50544,L,301.4,310.5,1633,39.5,0,0,0,0,0,0,0
1757,M16616,M,298.1,307.4,1363,60.1,187,0,0,0,0,0,0
9822,L57001,L,298.6,309.4,1667,35.6,185,0,0,0,0,0,0
296,M15155,M,298.1,308.6,1716,30.7,119,0,0,0,0,0,0
9495,L56674,L,299.2,309.9,1516,41.4,219,0,0,0,0,0,0
6830,H36243,H,300.9,310.9,1474,35.7,175,0,0,0,0,0,0
6694,M21553,M,301.8,311.0,1756,26.7,33,0,0,0,0,0,0
256,L47435,L,298.0,308.2,1489,40.4,11,0,0,0,0,0,0
8717,M23576,M,297.1,308.6,1717,31.3,61,0,0,0,0,0,0
5655,L52834,L,302.3,311.6,1544,34.3,0,0,0,0,0,0,0
540,M15399,M,297.4,309.3,1775,25.8,91,0,0,0,0,0,0
105,L47284,L,298.8,308.7,1450,43.4,66,0,0,0,0,0,0
9476,L56655,L,298.8,309.6,1523,41.9,165,0,0,0,0,0,0
9612,L56791,L,299.0,310.2,1432,42.2,87,0,0,0,0,0,0
8189,M23048,M,299.6,310.9,1530,38.8,198,0,0,0,0,0,0
8995,M23854,M,297.1,307.9,1980,20.3,159,0,0,0,0,0,0
6578,L53757,L,301.4,310.4,1388,45.3,188,0,0,0,0,0,0
9274,H38687,H,298.2,308.7,1520,35.7,40,0,0,0,0,0,0
4627,L51806,L,303.0,311.2,1664,29.8,186,0,0,0,0,0,0
4094,M18953,M,302.0,310.5,1573,32.1,143,0,0,0,0,0,0
541,L47720,L,297.4,309.4,1473,45.5,94,0,0,0,0,0,0
7140,L54319,L,300.6,310.1,1495,42.3,132,0,0,0,0,0,0
8245,L55424,L,299.0,310.4,1512,38.8,109,0,0,0,0,0,0
8111,H37524,H,300.3,311.8,2141,18.5,204,0,0,0,0,0,0
9440,M24299,M,298.1,308.8,1433,48.2,62,0,0,0,0,0,0
4365,H33778,H,302.1,310.1,1615,29.9,176,0,0,0,0,0,0
7678,L54857,L,300.6,311.7,1428,52.6,208,0,0,0,0,0,0
8957,L56136,L,297.4,308.1,1348,57.4,66,0,0,0,0,0,0
2780,L49959,L,300.1,309.5,1353,50.9,34,0,0,0,0,0,0
2014,L49193,L,298.6,308.4,1485,42.9,38,0,0,0,0,0,0
7104,H36517,H,300.8,310.3,1777,30.1,38,0,0,0,0,0,0
4770,H34183,H,303.6,311.9,1544,37.1,88,0,0,0,0,0,0
8631,L55810,L,297.4,308.4,1371,57.4,52,0,0,0,0,0,0
7287,M22146,M,300.1,310.4,1480,37.1,77,0,0,0,0,0,0
172,L47351,L,298.2,308.1,1462,50.8,27,0,0,0,0,0,0
2928,M17787,M,300.7,309.6,1421,49.8,165,0,0,0,0,0,0
8685,L55864,L,297.2,308.5,1588,40.4,190,0,0,0,0,0,0
5949,L53128,L,300.7,310.8,2113,18.5,95,0,0,0,0,0,0
571,L47750,L,297.7,309.7,1498,41.0,176,0,0,0,0,0,0
5155,L52334,L,304.2,313.4,1568,37.6,25,0,0,0,0,0,0
1276,M16135,M,298.1,309.4,1362,47.6,70,0,0,0,0,0,0
4983,L52162,L,303.7,313.0,1811,24.3,209,0,0,0,0,0,0
1146,L48325,L,297.0,307.8,1553,33.3,155,0,0,0,0,0,0
6188,L53367,L,301.0,311.0,1437,56.0,33,0,0,0,0,0,0
8972,L56151,L,296.9,307.6,1514,35.7,100,0,0,0,0,0,0
7725,M22584,M,300.5,311.6,1454,41.4,108,0,0,0,0,0,0
4831,L52010,L,303.5,312.0,1756,29.7,28,0,0,0,0,0,0
3214,L50393,L,300.4,309.2,1752,29.0,52,0,0,0,0,0,0
1024,L48203,L,296.2,307.3,1881,24.3,40,0,0,0,0,0,0
5391,H34804,H,302.8,312.3,1483,47.2,223,0,0,0,0,0,0
8094,L55273,L,300.2,311.6,1511,35.7,160,0,0,0,0,0,0
1001,L48180,L,296.3,307.1,1654,29.6,188,0,0,0,0,0,0
8305,M23164,M,298.7,310.1,1506,50.7,53,0,0,0,0,0,0
6868,L54047,L,301.0,311.3,1342,50.9,60,0,0,0,0,0,0
5200,L52379,L,303.8,312.8,1503,40.0,154,0,0,0,0,0,0
2388,M17247,M,299.2,308.5,1474,47.2,132,0,0,0,0,0,0
7256,M22115,M,300.2,310.3,1704,29.4,221,0,0,0,0,0,0
4228,L51407,L,302.2,310.8,1383,46.9,45,0,0,0,0,0,0
8300,L55479,L,298.7,310.0,1637,31.8,42,0,0,0,0,0,0
1371,L48550,L,298.7,310.3,1451,40.0,86,0,0,0,0,0,0
38,L47217,L,298.8,309.1,1439,39.2,104,0,0,0,0,0,0
847,M15706,M,296.4,307.4,1416,50.0,210,0,0,0,0,0,0
4074,M18933,M,301.9,310.6,1412,46.5,89,0,0,0,0,0,0
2353,M17212,M,299.3,308.5,1422,45.4,37,0,0,0,0,0,0
4078,L51257,L,302.0,310.5,1635,39.8,99,0,0,0,0,0,0
4059,M18918,M,302.0,310.9,1456,47.2,54,0,0,0,0,0,0
9616,M24475,M,299.0,310.2,1564,39.9,97,0,0,0,0,0,0
98,M14957,M,298.9,308.9,1750,29.9,50,0,0,0,0,0,0
324,L47503,L,297.8,308.5,1561,46.3,194,0,0,0,0,0,0
8871,M23730,M,297.9,309.1,1338,49.6,56,0,0,0,0,0,0
655,L47834,L,297.8,309.2,1683,30.9,163,0,0,0,0,0,0
6677,L53856,L,301.5,310.7,1423,44.0,222,0,0,0,0,0,0
8932,L56111,L,297.4,308.4,1434,39.9,2,0,0,0,0,0,0
334,L47513,L,297.5,308.2,1647,31.3,3,0,0,0,0,0,0
9350,M24209,M,298.2,308.7,1599,36.2,28,0,0,0,0,0,0
2449,L49628,L,299.4,308.9,1440,42.5,87,0,0,0,0,0,0
6962,M21821,M,300.7,311.0,1378,41.2,93,0,0,0,0,0,0
7847,M22706,M,300.2,311.6,1608,35.0,212,0,0,0,0,0,0
1755,M16614,M,298.0,307.4,1463,46.5,182,0,0,0,0,0,0
6534,L53713,L,301.3,310.7,1504,47.2,74,0,0,0,0,0,0
5996,L53175,L,300.6,310.3,1920,22.3,223,0,0,0,0,0,0
5474,L52653,L,302.7,312.2,1369,51.8,174,0,0,0,0,0,0
5885,M20744,M,301.3,311.1,1438,43.0,137,0,0,0,0,0,0
7776,L54955,L,300.3,311.5,1663,33.6,38,0,0,0,0,0,0
5442,M20301,M,303.0,312.6,1392,42.9,94,0,0,0,0,0,0
4968,L52147,L,303.9,312.6,1426,53.4,172,0,0,0,0,0,0
1634,L48813,L,297.9,307.9,1476,45.2,91,0,0,0,0,0,0
3908,M18767,M,302.3,311.2,1842,23.9,111,0,0,0,0,0,0
5982,M20841,M,300.7,310.7,1347,46.5,183,0,0,0,0,0,0
6524,M21383,M,301.1,310.2,1850,27.7,44,0,0,0,0,0,0
5070,M19929,M,304.2,313.2,1380,48.7,17,0,0,0,0,0,0
39,H29452,H,298.9,309.2,1379,50.7,106,0,0,0,0,0,0
7853,L55032,L,300.3,311.7,1515,37.5,5,0,0,0,0,0,0
9617,L56796,L,298.9,310.1,1580,37.3,100,0,0,0,0,0,0
323,L47502,L,297.8,308.5,1448,40.0,192,0,0,0,0,0,0
3989,L51168,L,302.2,311.3,1554,40.2,118,0,0,0,0,0,0
5241,L52420,L,303.7,313.0,1694,28.0,44,0,0,0,0,0,0
7962,L55141,L,301.0,312.2,1264,59.0,57,0,0,0,0,0,0
5746,L52925,L,302.1,311.5,1987,20.1,21,0,0,0,0,0,0
6452,L53631,L,300.7,310.2,1696,27.5,73,0,0,0,0,0,0
1774,L48953,L,298.5,308.0,1384,59.5,27,0,0,0,0,0,0
9650,H39063,H,299.1,310.0,1657,33.1,187,0,0,0,0,0,0
5795,M20654,M,301.9,311.5,1492,40.8,150,0,0,0,0,0,0
3964,H33377,H,302.3,311.5,1526,38.2,47,0,0,0,0,0,0
9165,L56344,L,297.6,308.6,2384,14.4,171,0,0,0,0,0,0
5559,L52738,L,302.5,311.9,1553,40.1,187,0,0,0,0,0,0
6583,L53762,L,301.5,310.5,1528,35.7,198,0,0,0,0,0,0
4934,H34347,H,303.4,312.2,1554,36.8,85,0,0,0,0,0,0
3493,H32906,H,301.9,311.0,1336,63.6,111,0,0,0,0,0,0
4618,M19477,M,303.1,311.4,1831,23.3,161,0,0,0,0,0,0
348,L47527,L,297.5,308.3,1544,40.8,37,0,0,0,0,0,0
6919,L54098,L,301.0,311.5,1559,31.8,195,0,0,0,0,0,0
1840,L49019,L,297.7,307.1,1715,30.2,0,0,0,0,0,0,0
7340,L54519,L,299.8,310.4,1579,36.4,0,0,0,0,0,0,0
3355,L50534,L,301.6,310.9,1559,40.2,191,0,0,0,0,0,0
2636,H32049,H,299.9,309.6,1462,51.0,119,0,0,0,0,0,0
79,L47258,L,298.8,308.9,1398,51.5,0,0,0,0,0,0,0
2382,L49561,L,299.1,308.2,1493,34.9,119,0,0,0,0,0,0
5806,M20665,M,301.4,310.9,1557,39.3,174,0,0,0,0,0,0
9991,L57170,L,298.8,308.5,1527,36.2,3,0,0,0,0,0,0
2711,L49890,L,299.6,309.1,1574,39.2,83,0,0,0,0,0,0
2008,L49187,L,298.6,308.4,1562,34.4,25,0,0,0,0,0,0
4942,M19801,M,303.6,312.7,1699,31.5,105,0,0,0,0,0,0
7176,L54355,L,300.1,310.1,1569,43.5,17,0,0,0,0,0,0
234,L47413,L,298.2,308.4,1512,34.9,181,0,0,0,0,0,0
8916,L56095,L,297.1,308.3,1403,54.1,179,0,0,0,0,0,0
3042,L50221,L,300.4,309.5,1543,38.9,37,0,0,0,0,0,0
5648,H35061,H,302.5,311.8,2370,14.7,198,0,0,0,0,0,0
3511,L50690,L,301.7,311.0,1474,42.6,164,0,0,0,0,0,0
3205,L50384,L,300.1,309.0,1404,54.8,29,0,0,0,0,0,0
8397,H37810,H,298.6,309.6,1593,33.3,95,0,0,0,0,0,0
2895,L50074,L,300.7,309.6,1733,24.8,85,0,0,0,0,0,0
8190,L55369,L,299.7,311.0,1983,21.0,201,0,0,0,0,0,0
5995,L53174,L,300.6,310.4,1608,39.2,221,0,0,0,0,0,0
3848,M18707,M,302.3,311.0,1450,45.7,175,0,0,0,0,0,0
1910,L49089,L,298.0,307.7,1435,45.6,184,0,0,0,0,0,0
6897,M21756,M,301.0,311.6,1454,40.0,140,0,0,0,0,0,0
1287,L48466,L,298.5,309.6,1582,40.3,103,0,0,0,0,0,0
6259,M21118,M,301.1,310.7,1583,40.7,2,0,0,0,0,0,0
5773,L52952,L,301.6,311.3,1706,29.9,93,0,0,0,0,0,0
5827,M20686,M,301.3,311.1,1492,41.2,223,0,0,0,0,0,0
7727,M22586,M,300.8,311.9,1761,29.0,113,0,0,0,0,0,0
4411,L51590,L,302.5,310.2,1586,32.2,64,0,0,0,0,0,0
228,L47407,L,298.3,308.5,1539,36.1,168,0,0,0,0,0,0
2044,M16903,M,299.2,309.0,1597,30.3,115,0,0,0,0,0,0
3487,L50666,L,301.9,310.8,1650,29.8,94,0,0,0,0,0,0
3045,L50224,L,300.2,309.4,1981,21.4,44,0,0,0,0,0,0
634,L47813,L,298.3,310.0,1442,43.9,110,0,0,0,0,0,0
702,L47881,L,297.7,308.8,1515,40.1,82,0,0,0,0,0,0
980,L48159,L,296.2,306.8,1389,53.3,132,0,0,0,0,0,0
1849,H31262,H,297.7,307.2,1429,44.1,26,0,0,0,0,0,0
9068,L56247,L,297.1,308.2,1351,56.6,126,0,0,0,0,0,0
9676,M24535,M,299.0,310.2,1298,57.2,10,0,0,0,0,0,0
8483,L55662,L,298.4,309.5,1520,38.1,106,0,0,0,0,0,0
6094,L53273,L,301.0,310.8,1375,57.2,20,0,0,0,0,0,0
4759,L51938,L,303.5,311.6,1465,48.7,60,0,0,0,0,0,0
8628,L55807,L,297.4,308.3,1347,45.8,43,0,0,0,0,0,0
5970,M20829,M,300.4,310.8,1491,35.9,148,0,0,0,0,0,0
4884,M19743,M,303.8,312.6,1684,29.3,167,0,0,0,0,0,0
6750,L53929,L,301.7,311.0,1585,35.9,185,0,0,0,0,0,0
2755,H32168,H,299.6,309.1,1630,32.3,194,0,0,0,0,0,0
1292,M16151,M,298.6,309.7,1675,28.4,115,0,0,0,0,0,0
1645,L48824,L,298.0,307.8,1622,33.3,121,0,0,0,0,0,0
6170,L53349,L,300.7,310.5,1448,38.2,218,0,0,0,0,0,0
7559,M22418,M,300.3,311.4,1386,48.1,119,0,0,0,0,0,0
8830,M23689,M,297.3,308.8,1469,44.1,150,0,0,0,0,0,0
8900,M23759,M,297.3,308.5,1710,27.7,138,0,0,0,0,0,0
4826,L52005,L,303.3,311.8,1692,30.6,18,0,0,0,0,0,0
9450,M24309,M,298.1,308.8,1434,41.8,93,0,0,0,0,0,0
3024,L50203,L,300.4,309.5,1711,29.2,215,0,0,0,0,0,0
5953,L53132,L,300.7,310.8,1563,33.8,104,0,0,0,0,0,0
3804,L50983,L,302.2,310.9,1531,37.5,60,0,0,0,0,0,0
3217,L50396,L,300.5,309.5,1653,27.6,62,0,0,0,0,0,0
7655,M22514,M,300.3,311.5,1540,41.5,151,0,0,0,0,0,0
8753,M23612,M,297.4,308.5,1465,55.9,153,0,0,0,0,0,0
9049,M23908,M,297.3,308.4,1370,50.5,71,0,0,0,0,0,0
4460,L51639,L,302.6,310.4,1743,26.3,191,0,0,0,0,0,0
9552,L56731,L,299.4,310.8,1391,48.9,139,0,0,0,0,0,0
700,H30113,H,297.5,308.7,1416,39.2,74,0,0,0,0,0,0
4976,L52155,L,303.7,312.7,1426,45.5,192,0,0,0,0,0,0
7035,H36448,H,300.6,310.6,1830,26.2,78,0,0,0,0,0,0
3268,L50447,L,301.3,310.0,1550,41.5,197,0,0,0,0,0,0
2058,L49237,L,299.5,309.3,1520,42.3,149,0,0,0,0,0,0
2651,L49830,L,299.9,309.6,1280,59.3,163,0,0,0,0,0,0
4888,L52067,L,303.7,312.5,1481,33.3,182,0,0,0,0,0,0
7597,L54776,L,300.5,311.1,1547,37.2,7,0,0,0,0,0,0
4470,L51649,L,302.7,310.5,1446,40.9,211,1,1,0,0,0,0
8502,L55681,L,298.4,309.7,1581,34.6,150,0,0,0,0,0,0
6164,L53343,L,300.8,310.7,1358,48.1,198,0,0,0,0,0,0
8423,H37836,H,298.9,310.3,1243,63.0,163,0,0,0,0,0,0
9932,L57111,L,298.3,308.3,1432,46.9,65,0,0,0,0,0,0
9795,L56974,L,298.5,309.3,1590,33.9,107,0,0,0,0,0,0
9948,M24807,M,298.2,307.9,1529,36.6,105,0,0,0,0,0,0
3131,L50310,L,300.1,309.6,1760,25.4,55,0,0,0,0,0,0
1711,L48890,L,298.2,307.8,1530,35.9,68,0,0,0,0,0,0
7433,L54612,L,300.1,311.4,1484,43.1,13,0,0,0,0,0,0
5116,M19975,M,304.2,313.7,2113,18.4,139,0,0,0,0,0,0
1783,L48962,L,298.4,308.0,1571,37.4,50,0,0,0,0,0,0
1282,H30695,H,298.3,309.5,1427,54.3,89,0,0,0,0,0,0
156,H29569,H,298.4,308.2,1987,19.8,198,0,0,0,0,0,0
9222,M24081,M,297.8,309.0,1675,30.0,110,0,0,0,0,0,0
6546,M21405,M,301.4,310.8,1738,30.3,104,0,0,0,0,0,0
7931,L55110,L,300.6,311.6,1455,48.0,203,0,0,0,0,0,0
2373,M17232,M,299.3,308.5,1404,49.4,93,0,0,0,0,0,0
1746,L48925,L,298.5,308.0,1624,29.8,160,0,0,0,0,0,0
4856,L52035,L,303.7,312.3,1375,46.2,98,0,0,0,0,0,0
1082,L48261,L,297.0,307.8,1521,40.2,190,0,0,0,0,0,0
150,L47329,L,298.4,308.3,1473,39.9,184,0,0,0,0,0,0
2387,L49566,L,299.1,308.4,1543,37.9,130,0,0,0,0,0,0
920,L48099,L,295.4,305.8,1407,50.7,192,0,0,0,0,0,0
5767,M20626,M,301.7,311.2,1413,42.6,79,0,0,0,0,0,0
2402,M17261,M,299.2,308.6,1367,47.6,168,0,0,0,0,0,0
1262,H30675,H,297.6,309.0,1885,25.2,24,0,0,0,0,0,0
8129,L55308,L,300.1,311.4,1629,31.3,41,0,0,0,0,0,0
1964,L49143,L,297.7,307.5,1379,43.3,111,0,0,0,0,0,0
3494,M18353,M,301.9,311.0,1638,35.4,116,0,0,0,0,0,0
3224,H32637,H,300.6,309.5,1495,36.5,79,0,0,0,0,0,0
851,L48030,L,296.3,307.3,1567,31.4,5,0,0,0,0,0,0
7715,L54894,L,300.5,311.5,1487,43.0,78,0,0,0,0,0,0
8718,L55897,L,297.1,308.7,1474,42.3,64,0,0,0,0,0,0
2451,L49630,L,299.2,308.7,1492,37.8,91,0,0,0,0,0,0
7179,L54358,L,300.2,310.2,1600,31.5,23,0,0,0,0,0,0
9399,H38812,H,297.7,308.2,1526,40.1,165,0,0,0,0,0,0
1423,L48602,L,298.7,309.8,1530,35.5,0,0,0,0,0,0,0
8325,M23184,M,298.7,309.5,1394,46.0,113,0,0,0,0,0,0
7244,M22103,M,300.0,310.2,1393,51.2,190,0,0,0,0,0,0
4286,L51465,L,301.7,309.9,1317,49.0,187,1,0,1,0,0,0
2787,M17646,M,300.2,309.5,1630,28.3,51,0,0,0,0,0,0
8373,M23232,M,298.8,309.7,1448,44.8,31,0,0,0,0,0,0
2470,L49649,L,299.0,308.7,1507,37.5,134,0,0,0,0,0,0
8152,L55331,L,299.5,310.7,1472,40.9,104,0,0,0,0,0,0
8485,L55664,L,298.4,309.5,1397,50.3,110,0,0,0,0,0,0
7531,M22390,M,300.1,311.4,1617,39.3,47,0,0,0,0,0,0
5157,L52336,L,304.2,313.4,1482,41.4,32,0,0,0,0,0,0
1090,M15949,M,296.9,307.7,2008,17.5,3,0,0,0,0,0,0
9833,L57012,L,298.4,309.2,2118,17.7,210,0,0,0,0,0,0
3014,L50193,L,300.5,309.6,1390,48.4,194,0,0,0,0,0,0
2781,M17640,M,300.2,309.6,1556,35.8,36,0,0,0,0,0,0
8011,L55190,L,300.8,311.8,1323,61.1,178,0,0,0,0,0,0
4362,M19221,M,302.1,310.1,1379,48.2,166,1,0,1,0,0,0
6378,L53557,L,300.1,309.6,1541,37.0,96,0,0,0,0,0,0
3285,H32698,H,301.2,309.9,1362,50.7,25,0,0,0,0,0,0
3314,L50493,L,301.4,310.4,1737,31.9,96,0,0,0,0,0,0
1204,H30617,H,297.0,308.1,1410,47.6,79,0,0,0,0,0,0
8311,L55490,L,298.7,309.9,1465,39.7,72,0,0,0,0,0,0
1373,M16232,M,298.8,310.3,1573,41.8,91,0,0,0,0,0,0
9583,M24442,M,299.3,310.5,1404,47.5,12,0,0,0,0,0,0
6034,L53213,L,300.6,310.9,1471,37.9,86,0,0,0,0,0,0
8800,L55979,L,297.3,308.4,1472,41.3,67,0,0,0,0,0,0
4914,M19773,M,303.5,312.3,1593,35.2,29,0,0,0,0,0,0
7403,M22262,M,299.8,310.8,1463,43.5,156,0,0,0,0,0,0
1963,L49142,L,297.8,307.5,1391,48.6,109,0,0,0,0,0,0
3701,L50880,L,302.1,311.2,1447,50.3,11,0,0,0,0,0,0
3330,L50509,L,301.6,310.7,1683,29.7,131,0,0,0,0,0,0
310,M15169,M,297.9,308.5,1449,40.8,157,0,0,0,0,0,0
1729,L48908,L,298.3,307.7,1465,49.4,109,0,0,0,0,0,0
1535,L48714,L,298.0,308.8,1757,29.1,71,0,0,0,0,0,0
67,M14926,M,298.9,308.9,1679,28.7,181,0,0,0,0,0,0
7406,M22265,M,299.8,310.8,1530,35.2,163,0,0,0,0,0,0
7712,L54891,L,300.4,311.4,1309,55.5,71,0,0,0,0,0,0
62,M14921,M,298.8,309.0,1592,38.2,169,0,0,0,0,0,0
4041,L51220,L,302.0,310.8,1767,27.4,11,0,0,0,0,0,0
8058,L55237,L,300.2,311.5,1549,37.2,67,0,0,0,0,0,0
7819,L54998,L,299.8,311.2,2142,16.6,144,0,0,0,0,0,0
2556,L49735,L,299.3,309.2,1511,37.2,129,0,0,0,0,0,0
1176,M16035,M,297.2,308.3,1578,37.8,3,0,0,0,0,0,0
5339,M20198,M,303.3,312.5,1674,32.7,76,0,0,0,0,0,0
839,H30252,H,296.6,307.4,1406,41.5,189,0,0,0,0,0,0
8136,L55315,L,299.6,311.0,1554,36.3,62,0,0,0,0,0,0
1393,M16252,M,299.0,310.3,1494,46.6,144,0,0,0,0,0,0
3417,L50596,L,301.5,310.5,1435,44.6,135,0,0,0,0,0,0
8257,H37670,H,299.0,310.5,1336,56.8,136,0,0,0,0,0,0
6410,L53589,L,300.3,310.0,1560,40.8,182,0,0,0,0,0,0
6373,M21232,M,300.0,309.5,1879,22.4,79,0,0,0,0,0,0
4262,L51441,L,302.7,311.1,1730,28.1,135,0,0,0,0,0,0
3210,L50389,L,300.3,309.2,1587,31.4,43,0,0,0,0,0,0
6117,L53296,L,300.8,310.9,1453,43.9,84,0,0,0,0,0,0
7616,L54795,L,300.5,311.4,1442,47.0,53,0,0,0,0,0,0
6639,L53818,L,301.5,310.5,1453,44.2,129,0,0,0,0,0,0
9882,L57061,L,298.8,309.8,1493,38.5,132,0,0,0,0,0,0
5837,L53016,L,301.2,311.1,1550,39.7,20,0,0,0,0,0,0
7864,M22723,M,300.5,311.9,1511,44.5,30,0,0,0,0,0,0
5516,H34929,H,302.7,312.0,1484,41.5,65,0,0,0,0,0,0
3346,L50525,L,301.3,310.7,1594,34.1,172,0,0,0,0,0,0
2205,M17064,M,299.7,309.1,1352,46.1,102,0,0,0,0,0,0
8574,L55753,L,297.6,308.4,1626,32.4,130,0,0,0,0,0,0
4991,L52170,L,303.9,313.2,1393,46.5,9,0,0,0,0,0,0
5437,M20296,M,302.9,312.5,1679,30.9,79,0,0,0,0,0,0
239,L47418,L,297.9,308.1,1393,50.3,193,0,0,0,0,0,0
5961,L53140,L,300.5,310.7,1606,33.5,121,0,0,0,0,0,0
6949,L54128,L,300.7,311.2,1457,51.4,61,0,0,0,0,0,0
6602,M21461,M,301.5,310.7,1347,47.9,29,0,0,0,0,0,0
6244,L53423,L,301.0,310.4,2204,16.6,175,0,0,0,0,0,0
480,M15339,M,297.4,308.9,1323,57.3,163,0,0,0,0,0,0
8959,M23818,M,297.4,308.1,1734,27.7,70,0,0,0,0,0,0
7609,L54788,L,300.5,311.4,1642,27.1,37,0,0,0,0,0,0
749,H30162,H,296.7,308.1,1528,46.3,203,0,0,0,0,0,0
5283,H34696,H,303.8,313.2,1381,52.4,140,0,0,0,0,0,0
3667,M18526,M,302.3,311.6,1608,39.9,136,0,0,0,0,0,0
4558,L51737,L,302.7,310.6,1686,26.3,9,0,0,0,0,0,0
1000,L48179,L,296.3,307.1,1560,33.2,186,0,0,0,0,0,0
8230,L55409,L,299.1,310.5,1739,27.4,72,0,0,0,0,0,0
5906,H35319,H,300.8,310.5,1582,31.1,193,0,0,0,0,0,0
6183,L53362,L,301.0,310.8,1475,35.3,19,0,0,0,0,0,0
2345,M17204,M,299.2,308.3,1755,26.4,19,0,0,0,0,0,0
1446,L48625,L,299.0,310.1,1618,29.2,62,0,0,0,0,0,0
7790,L54969,L,300.2,311.5,1495,38.5,69,0,0,0,0,0,0
3799,L50978,L,302.1,310.8,1786,25.7,47,0,0,0,0,0,0
9465,L56644,L,298.6,309.4,1440,48.2,136,0,0,0,0,0,0
944,M15803,M,295.6,306.2,1477,45.0,40,0,0,0,0,0,0
6609,M21468,M,301.5,310.4,1593,36.8,50,0,0,0,0,0,0
4435,L51614,L,302.4,310.1,1556,32.9,132,0,0,0,0,0,0
1798,M16657,M,298.0,307.6,1508,41.8,89,0,0,0,0,0,0
5035,M19894,M,303.9,313.1,1514,41.1,121,0,0,0,0,0,0
9572,L56751,L,299.7,310.8,1589,36.0,190,0,0,0,0,0,0
3142,L50321,L,300.5,310.0,1521,45.1,86,0,0,0,0,0,0
6988,L54167,L,300.7,311.1,2437,13.8,163,0,0,0,0,0,0
1868,L49047,L,298.1,307.9,1502,41.8,79,0,0,0,0,0,0
1350,L48529,L,298.7,310.2,1402,45.9,30,0,0,0,0,0,0
943,M15802,M,295.7,306.3,1462,44.3,37,0,0,0,0,0,0
6907,M21766,M,301.0,311.5,1530,43.9,165,0,0,0,0,0,0
2494,M17353,M,299.0,308.8,1418,45.7,204,0,0,0,0,0,0
7099,L54278,L,300.7,310.2,1642,32.6,26,0,0,0,0,0,0
9643,L56822,L,299.4,310.5,1372,46.3,173,0,0,0,0,0,0
1486,M16345,M,298.1,309.0,1976,19.3,158,0,0,0,0,0,0
9105,M23964,M,297.4,308.3,1550,47.8,18,0,0,0,0,0,0
4972,L52151,L,303.8,312.7,1838,27.8,181,0,0,0,0,0,0
9263,M24122,M,298.3,309.1,1404,47.0,15,0,0,0,0,0,0
5663,L52842,L,302.2,311.5,1616,34.0,19,0,0,0,0,0,0
9606,M24465,M,298.9,310.1,1484,37.9,73,0,0,0,0,0,0
1958,H31371,H,297.9,307.7,1618,35.9,92,0,0,0,0,0,0
1985,M16844,M,298.0,307.5,1387,45.5,166,0,0,0,0,0,0
6172,L53351,L,300.8,310.6,1416,42.2,225,0,0,0,0,0,0
2068,L49247,L,299.7,309.6,1553,36.8,174,0,0,0,0,0,0
3298,L50477,L,301.2,310.3,1548,38.6,59,0,0,0,0,0,0
9732,L56911,L,298.8,310.0,1389,49.6,149,0,0,0,0,0,0
6264,M21123,M,301.0,310.6,1698,27.3,14,0,0,0,0,0,0
1657,L48836,L,298.2,308.1,1532,42.5,154,0,0,0,0,0,0
6419,H35832,H,300.3,309.9,1405,52.1,205,0,0,0,0,0,0
626,L47805,L,298.3,310.1,1545,36.3,90,0,0,0,0,0,0
7293,M22152,M,300.1,310.4,1556,38.1,92,0,0,0,0,0,0
7315,L54494,L,299.9,310.3,1268,53.3,146,0,0,0,0,0,0
1037,M15896,M,296.4,307.5,1684,31.4,72,0,0,0,0,0,0
5121,M19980,M,304.2,313.6,1424,43.7,151,0,0,0,0,0,0
2525,M17384,M,298.8,308.7,1446,45.5,49,0,0,0,0,0,0
3985,L51164,L,302.3,311.3,1652,32.8,108,0,0,0,0,0,0
4120,L51299,L,302.1,310.7,1325,45.1,208,1,0,1,0,0,0
9276,L56455,L,298.2,308.7,1605,29.4,47,0,0,0,0,0,0
6323,M21182,M,300.7,310.1,1483,40.2,162,0,0,0,0,0,0
3000,L50179,L,300.5,309.7,1395,61.0,157,0,0,0,0,0,0
5227,L52406,L,303.9,313.0,1403,48.3,10,0,0,0,0,0,0
8897,L56076,L,297.4,308.7,1638,31.9,131,0,0,0,0,0,0
7506,L54685,L,300.5,311.9,1546,39.4,203,0,0,0,0,0,0
5914,H35327,H,300.7,310.2,1479,52.3,9,0,0,0,0,0,0
192,L47371,L,298.2,308.4,1666,34.6,74,0,0,0,0,0,0
9261,L56440,L,298.2,309.0,1377,57.8,8,0,0,0,0,0,0
5685,H35098,H,302.2,311.6,1594,36.8,82,0,0,0,0,0,0
2815,L49994,L,300.0,309.3,1395,56.5,122,0,0,0,0,0,0
5820,L52999,L,301.3,311.0,1418,41.9,208,0,0,0,0,0,0
3988,M18847,M,302.3,311.3,1444,43.1,115,0,0,0,0,0,0
6804,M21663,M,301.1,310.7,1367,43.4,111,0,0,0,0,0,0
2529,L49708,L,298.8,308.6,1730,25.9,59,0,0,0,0,0,0
6458,L53637,L,300.7,310.0,1395,48.0,85,0,0,0,0,0,0
2472,L49651,L,298.9,308.4,1301,51.1,138,0,0,0,0,0,0
4486,L51665,L,302.7,310.4,1542,35.7,38,0,0,0,0,0,0
1606,L48785,L,297.8,307.8,1396,42.5,23,0,0,0,0,0,0
5323,M20182,M,303.4,312.7,1357,55.3,31,0,0,0,0,0,0
5853,H35266,H,301.2,310.9,1798,22.3,59,0,0,0,0,0,0
2033,L49212,L,298.8,308.5,1444,42.2,83,0,0,0,0,0,0
8396,M23255,M,298.5,309.5,1483,44.8,92,0,0,0,0,0,0
1389,H30802,H,298.9,310.1,1491,45.3,133,0,0,0,0,0,0
1264,L48443,L,297.8,309.2,1400,56.9,34,0,0,0,0,0,0
4918,M19777,M,303.4,312.2,1561,38.2,45,0,0,0,0,0,0
9437,L56616,L,298.0,308.6,1481,42.5,54,0,0,0,0,0,0
6460,M21319,M,300.6,310.0,1397,55.2,90,0,0,0,0,0,0
568,M15427,M,297.7,309.7,1680,30.2,168,0,0,0,0,0,0
584,H29997,H,297.7,309.6,1697,32.2,210,0,0,0,0,0,0
7091,M21950,M,300.6,310.2,1478,40.1,5,0,0,0,0,0,0
9735,H39148,H,298.9,310.1,1458,44.3,156,0,0,0,0,0,0
3245,M18104,M,301.0,309.6,1397,48.0,135,0,0,0,0,0,0
5368,M20227,M,303.1,312.5,1766,26.7,157,0,0,0,0,0,0
5834,L53013,L,301.3,311.2,1457,44.5,14,0,0,0,0,0,0
975,L48154,L,296.0,306.6,1511,35.2,119,0,0,0,0,0,0
255,L47434,L,298.0,308.2,1514,37.9,9,0,0,0,0,0,0
8054,L55233,L,300.5,311.9,1887,21.7,56,0,0,0,0,0,0
4952,L52131,L,303.8,312.7,1596,36.6,134,0,0,0,0,0,0
1254,L48433,L,297.5,308.8,1309,57.3,0,0,0,0,0,0,0
5170,L52349,L,304.1,313.3,1470,39.9,70,0,0,0,0,0,0
8949,M23808,M,297.4,308.3,1483,41.9,47,0,0,0,0,0,0
4581,L51760,L,303.0,311.2,1494,37.0,67,0,0,0,0,0,0
2476,L49655,L,298.9,308.5,1459,43.1,147,0,0,0,0,0,0
4147,L51326,L,301.8,310.3,1482,41.4,63,0,0,0,0,0,0
6174,L53353,L,300.8,310.7,1633,27.8,0,0,0,0,0,0,0
2489,L49668,L,298.9,308.7,1356,50.7,185,0,0,0,0,0,0
3166,L50345,L,300.4,309.6,1536,34.5,154,0,0,0,0,0,0
1628,L48807,L,297.9,307.8,1499,37.5,78,0,0,0,0,0,0
2227,M17086,M,299.6,308.9,1685,27.8,161,0,0,0,0,0,0
5637,L52816,L,302.6,312.0,1447,45.5,173,0,0,0,0,0,0
8382,H37795,H,298.8,310.0,1530,38.3,53,0,0,0,0,0,0
2478,L49657,L,298.9,308.5,1387,57.3,154,0,0,0,0,0,0
8279,L55458,L,298.8,310.5,1464,46.4,207,0,0,0,0,0,0
6255,L53434,L,301.0,310.5,1408,47.0,202,0,0,0,0,0,0
1889,M16748,M,297.8,307.4,1902,24.3,129,0,0,0,0,0,0
4981,M19840,M,303.7,312.8,1685,31.8,203,0,0,0,0,0,0
6518,L53697,L,301.1,310.1,1540,36.6,28,0,0,0,0,0,0
5719,L52898,L,302.4,312.0,1621,32.5,169,0,0,0,0,0,0
3563,L50742,L,301.7,310.6,1471,43.8,80,0,0,0,0,0,0
7824,L55003,L,300.0,311.3,1484,53.2,158,0,0,0,0,0,0
1967,L49146,L,297.9,307.6,1515,40.5,118,0,0,0,0,0,0
2405,M17264,M,299.1,308.7,2008,20.3,178,0,0,0,0,0,0
632,L47811,L,298.4,310.0,1554,37.3,103,0,0,0,0,0,0
4117,M18976,M,302.0,310.5,1381,58.4,201,0,0,0,0,0,0
5079,M19938,M,304.3,313.4,1482,43.8,41,0,0,0,0,0,0
7558,M22417,M,300.4,311.5,1750,27.3,116,0,0,0,0,0,0
5532,M20391,M,302.3,311.7,1504,37.3,107,0,0,0,0,0,0
7454,H36867,H,300.3,311.7,1432,47.7,61,0,0,0,0,0,0
1808,L48987,L,298.0,307.6,1654,28.9,123,0,0,0,0,0,0
8082,L55261,L,300.2,311.6,1356,53.5,132,0,0,0,0,0,0
7777,M22636,M,300.3,311.5,1445,47.3,40,0,0,0,0,0,0
8838,M23697,M,297.5,309.1,1540,38.5,176,0,0,0,0,0,0
6859,L54038,L,301.0,311.2,1467,45.4,36,0,0,0,0,0,0
864,L48043,L,296.0,306.7,1416,44.2,46,0,0,0,0,0,0
4302,L51481,L,301.7,310.2,1471,51.1,8,0,0,0,0,0,0
9183,M24042,M,297.8,309.0,1576,45.0,17,0,0,0,0,0,0
6040,L53219,L,300.6,310.9,1433,42.6,101,0,0,0,0,0,0
7584,L54763,L,300.3,311.1,1480,46.6,185,0,0,0,0,0,0
5483,L52662,L,302.6,312.1,1782,26.8,198,0,0,0,0,0,0
2436,L49615,L,298.9,308.2,1686,30.4,53,0,0,0,0,0,0
6269,L53448,L,300.9,310.5,1616,33.5,25,0,0,0,0,0,0
3572,M18431,M,301.7,310.6,1691,27.7,105,0,0,0,0,0,0
7679,M22538,M,300.6,311.7,1389,52.1,210,0,0,0,0,0,0
2597,L49776,L,299.0,308.7,1426,38.6,16,0,0,0,0,0,0
198,M15057,M,298.4,308.6,1527,40.9,96,0,0,0,0,0,0
9757,L56936,L,298.6,309.8,1597,35.9,213,0,0,0,0,0,0
7245,L54424,L,300.0,310.2,1760,26.9,193,0,0,0,0,0,0
1984,M16843,M,298.0,307.6,1459,44.4,163,0,0,0,0,0,0
4747,L51926,L,303.2,311.2,1427,45.6,25,0,0,0,0,0,0
2982,H32395,H,300.4,309.4,1530,40.4,112,0,0,0,0,0,0
9029,L56208,L,297.4,308.3,1395,48.7,21,0,0,0,0,0,0
8707,L55886,L,297.2,308.6,1335,53.0,39,0,0,0,0,0,0
9829,L57008,L,298.4,309.4,1385,50.0,201,0,0,0,0,0,0
4568,M19427,M,302.8,310.8,1451,44.7,32,0,0,0,0,0,0
6136,L53315,L,301.0,310.9,1740,28.9,129,0,0,0,0,0,0
5612,M20471,M,303.0,312.3,1674,29.5,109,0,0,0,0,0,0
8417,M23276,M,298.8,310.1,1585,31.3,147,0,0,0,0,0,0
1859,M16718,M,297.8,307.4,1488,36.1,57,0,0,0,0,0,0
2795,L49974,L,300.4,309.6,1553,43.9,75,0,0,0,0,0,0
6088,M20947,M,300.9,310.8,1599,33.0,7,0,0,0,0,0,0
9260,M24119,M,298.2,309.0,1694,28.0,5,0,0,0,0,0,0
2319,L49498,L,299.2,308.8,1405,51.4,183,0,0,0,0,0,0
8542,L55721,L,298.5,309.5,1738,25.2,49,0,0,0,0,0,0
4075,L51254,L,302.0,310.7,1453,42.7,92,0,0,0,0,0,0
9355,M24214,M,298.2,308.8,1607,31.9,39,0,0,0,0,0,0
1739,H31152,H,298.4,307.9,1948,21.4,136,0,0,0,0,0,0
898,L48077,L,295.6,306.2,1612,31.2,131,0,0,0,0,0,0
1277,M16136,M,298.2,309.4,1693,34.4,73,0,0,0,0,0,0
9759,L56938,L,298.6,309.8,2271,16.2,218,1,1,0,0,0,0
9190,L56369,L,297.9,309.1,1595,32.0,32,0,0,0,0,0,0
482,M15341,M,297.3,309.0,1556,39.5,168,0,0,0,0,0,0
1698,M16557,M,297.9,307.6,1519,44.0,37,0,0,0,0,0,0
3604,L50783,L,301.7,310.7,1542,40.0,188,0,0,0,0,0,0
7671,L54850,L,300.5,311.6,1525,37.6,191,0,0,0,0,0,0
1650,H31063,H,298.0,307.9,1482,37.8,132,0,0,0,0,0,0
701,M15560,M,297.6,308.8,1683,31.6,79,0,0,0,0,0,0
3186,L50365,L,300.1,309.3,1685,27.1,203,0,0,0,0,0,0
8702,M23561,M,297.3,308.7,1466,38.4,27,0,0,0,0,0,0
2165,L49344,L,299.6,309.2,1540,36.7,221,0,0,0,0,0,0
4779,H34192,H,303.6,312.2,1371,54.6,112,1,0,1,0,0,0
6564,L53743,L,301.5,310.7,1942,20.5,155,0,0,0,0,0,0
4890,L52069,L,303.7,312.5,1632,36.6,186,0,0,0,0,0,0
9983,M24842,M,298.7,308.4,1507,45.7,192,0,0,0,0,0,0
2047,L49226,L,299.3,309.1,1388,45.5,123,0,0,0,0,0,0
6717,L53896,L,301.3,310.6,1387,53.6,94,0,0,0,0,0,0
6297,L53476,L,301.0,310.5,1429,39.4,98,0,0,0,0,0,0
9094,M23953,M,297.3,308.1,1709,30.6,196,0,0,0,0,0,0
3243,L50422,L,300.9,309.6,1384,42.4,131,0,0,0,0,0,0
3681,L50860,L,302.2,311.5,1744,31.2,172,0,0,0,0,0,0
6355,L53534,L,300.1,309.6,1565,34.8,32,0,0,0,0,0,0
1427,M16286,M,298.7,309.7,1622,34.6,8,0,0,0,0,0,0
9431,L56610,L,298.1,308.7,1671,28.8,41,0,0,0,0,0,0
7718,L54897,L,300.5,311.6,1365,53.0,85,0,0,0,0,0,0
3950,L51129,L,302.3,311.5,1384,50.8,13,0,0,0,0,0,0
6394,L53573,L,300.2,309.7,1678,30.5,142,0,0,0,0,0,0
5472,L52651,L,302.7,312.3,1346,61.2,170,0,0,0,0,0,1
6636,L53815,L,301.5,310.5,1534,39.3,119,0,0,0,0,0,0
8969,L56148,L,297.1,307.8,1454,50.6,94,0,0,0,0,0,0
9741,M24600,M,298.9,310.1,1655,31.5,172,0,0,0,0,0,0
6812,L53991,L,300.9,310.6,1504,46.4,129,0,0,0,0,0,0
289,H29702,H,298.2,308.4,1385,42.2,98,0,0,0,0,0,0
5662,L52841,L,302.2,311.4,1397,53.0,17,0,0,0,0,0,0
2247,L49426,L,299.3,308.4,1406,47.4,3,0,0,0,0,0,0
4216,M19075,M,302.0,310.7,2157,17.8,17,0,0,0,0,0,0
4907,H34320,H,303.6,312.4,1436,45.6,9,0,0,0,0,0,0
8176,M23035,M,299.9,311.3,1445,41.2,169,0,0,0,0,0,0
2572,M17431,M,299.5,309.2,1497,40.9,169,0,0,0,0,0,0
1467,L48646,L,298.7,309.8,1365,50.5,111,0,0,0,0,0,0
9168,M24027,M,297.6,308.7,1392,41.2,178,0,0,0,0,0,0
6444,L53623,L,300.8,310.3,1537,33.3,52,0,0,0,0,0,0
6761,L53940,L,301.5,310.9,1451,40.6,0,0,0,0,0,0,0
6115,M20974,M,300.8,310.8,1549,35.5,79,0,0,0,0,0,0
2481,L49660,L,299.0,308.6,1734,32.4,161,0,0,0,0,0,0
3769,L50948,L,302.2,311.0,1555,34.2,185,0,0,0,0,0,0
3144,H32557,H,300.6,310.0,1419,42.4,90,0,0,0,0,0,0
2903,M17762,M,300.6,309.4,1541,35.2,105,0,0,0,0,0,0
441,L47620,L,297.4,308.5,1389,39.2,54,0,0,0,0,0,0
4039,L51218,L,302.0,310.9,1546,34.4,7,0,0,0,0,0,0
3003,M17862,M,300.5,309.8,1555,38.9,166,0,0,0,0,0,0
6294,H35707,H,301.0,310.4,1512,44.9,86,0,0,0,0,0,0
1066,L48245,L,296.8,307.9,1718,25.2,148,0,0,0,0,0,0
9134,L56313,L,297.7,308.7,1479,45.7,93,0,0,0,0,0,0
425,L47604,L,297.3,308.4,1430,45.7,15,0,0,0,0,0,0
4984,L52163,L,303.8,313.1,1869,25.8,211,0,0,0,0,0,0
401,L47580,L,297.4,308.5,2100,16.9,176,0,0,0,0,0,0
7094,H36507,H,300.7,310.3,1369,50.7,12,0,0,0,0,0,0
1565,M16424,M,298.0,308.2,2090,19.0,143,0,0,0,0,0,0
3777,L50956,L,302.5,311.1,1538,36.8,208,0,0,0,0,0,0
5260,L52439,L,303.5,312.9,1544,36.9,87,0,0,0,0,0,0
6283,M21142,M,301.3,310.8,1418,45.4,59,0,0,0,0,0,0
903,L48082,L,295.6,306.1,1383,48.7,147,0,0,0,0,0,0
65,L47244,L,299.0,309.1,1523,38.6,177,0,0,0,0,0,0
6409,L53588,L,300.3,309.9,1601,31.7,180,0,0,0,0,0,0
5709,L52888,L,302.3,311.7,1611,38.6,143,0,0,0,0,0,0
1648,L48827,L,297.8,307.8,1761,28.9,128,0,0,0,0,0,0
1219,M16078,M,297.0,308.2,1702,30.7,124,0,0,0,0,0,0
3823,M18682,M,302.4,311.0,1464,44.2,106,0,0,0,0,0,0
7358,L54537,L,299.6,310.1,1487,42.9,42,0,0,0,0,0,0
9411,M24270,M,298.0,308.5,1666,31.0,198,0,0,0,0,0,0
3644,L50823,L,302.3,311.6,1784,26.4,79,0,0,0,0,0,0
2448,L49627,L,299.3,308.7,1408,48.7,85,0,0,0,0,0,0
6975,L54154,L,300.7,311.0,1318,48.2,128,0,0,0,0,0,0
2076,L49255,L,299.5,309.4,1390,58.8,195,1,0,0,0,1,0
4414,M19273,M,302.7,310.5,1398,47.3,70,0,0,0,0,0,0
6384,H35797,H,300.2,309.7,1483,43.8,108,0,0,0,0,0,0
7809,L54988,L,299.9,311.4,1627,36.7,118,0,0,0,0,0,0
1191,L48370,L,297.2,308.4,1460,42.1,41,0,0,0,0,0,0
9965,L57144,L,298.3,307.9,1766,26.5,145,0,0,0,0,0,0
9404,L56583,L,297.7,308.1,1697,29.1,179,0,0,0,0,0,0
9271,L56450,L,298.2,308.8,1302,60.4,34,0,0,0,0,0,0
665,L47844,L,297.5,308.9,1390,47.4,187,0,0,0,0,0,0
6469,L53648,L,300.5,309.8,1507,42.5,117,0,0,0,0,0,0
1893,M16752,M,297.8,307.4,1438,43.6,141,0,0,0,0,0,0
7532,H36945,H,300.1,311.4,1377,56.7,50,0,0,0,0,0,0
2889,M17748,M,300.6,309.6,1365,50.0,70,0,0,0,0,0,0
8527,L55706,L,298.3,309.3,1401,51.9,14,0,0,0,0,0,0
444,H29857,H,297.4,308.5,1469,45.1,63,0,0,0,0,0,0
688,M15547,M,297.7,309.0,1531,42.4,38,0,0,0,0,0,0
3054,H32467,H,300.2,309.3,1506,35.6,63,0,0,0,0,0,0
2118,H31531,H,299.4,308.9,1762,29.3,91,0,0,0,0,0,0
3573,L50752,L,301.8,310.6,1451,50.7,108,0,0,0,0,0,0
5978,L53157,L,300.6,310.7,1750,30.6,171,0,0,0,0,0,0
2926,M17785,M,300.7,309.6,1388,51.1,160,0,0,0,0,0,0
3193,M18052,M,300.1,309.2,1418,39.8,221,0,0,0,0,0,0
4780,L51959,L,303.7,312.3,1511,38.9,117,0,0,0,0,0,0
3659,M18518,M,302.2,311.5,1449,44.5,113,0,0,0,0,0,0
7206,L54385,L,299.8,309.7,1483,39.6,87,0,0,0,0,0,0
1913,M16772,M,298.0,307.7,1621,34.9,194,0,0,0,0,0,0
1511,M16370,M,298.1,308.7,1547,38.9,0,0,0,0,0,0,0
499,L47678,L,297.5,309.1,1611,30.2,211,0,0,0,0,0,0
6358,L53537,L,300.2,309.8,1398,54.8,39,0,0,0,0,0,0
2378,M17237,M,299.2,308.3,1582,45.5,107,0,0,0,0,0,0
9594,L56773,L,299.1,310.2,1352,52.8,41,0,0,0,0,0,0
2728,L49907,L,299.7,309.3,1434,38.5,127,0,0,0,0,0,0
2211,L49390,L,299.7,309.2,1401,54.1,118,0,0,0,0,0,0
4787,L51966,L,303.8,312.6,1577,41.3,134,0,0,0,0,0,0
3711,L50890,L,302.2,311.5,1489,38.3,35,0,0,0,0,0,0
6571,L53750,L,301.4,310.6,1634,31.1,171,0,0,0,0,0,0
4751,M19610,M,303.2,311.2,1688,31.9,33,0,0,0,0,0,0
4350,L51529,L,301.9,309.7,1595,31.4,133,0,0,0,0,0,0
2595,L49774,L,298.8,308.5,1446,37.0,11,0,0,0,0,0,0
6520,L53699,L,301.1,310.1,1417,46.9,35,0,0,0,0,0,0
5895,L53074,L,301.2,310.9,1597,37.9,164,0,0,0,0,0,0
3689,L50868,L,302.0,311.2,1420,45.8,192,0,0,0,0,0,0
9689,L56868,L,299.1,310.1,1367,45.6,44,0,0,0,0,0,0
4712,M19571,M,303.4,311.7,1515,44.2,168,0,0,0,0,0,0
6258,L53437,L,301.1,310.7,1376,49.1,0,0,0,0,0,0,0
7020,L54199,L,300.8,310.8,1741,27.1,39,0,0,0,0,0,0
3580,L50759,L,301.8,310.6,2672,11.8,124,1,0,0,1,0,0
2440,L49619,L,299.1,308.4,1693,31.6,65,0,0,0,0,0,0
312,M15171,M,298.0,308.6,1453,44.1,165,0,0,0,0,0,0
3333,M18192,M,301.7,310.8,1671,31.6,137,0,0,0,0,0,0
3508,M18367,M,301.7,310.8,1502,34.4,157,0,0,0,0,0,0
8260,L55439,L,299.1,310.5,1471,38.4,146,0,0,0,0,0,0
5101,M19960,M,304.2,313.5,1437,47.2,102,0,0,0,0,0,0
201,L47380,L,298.4,308.6,1609,35.0,103,0,0,0,0,0,0
8699,H38112,H,297.3,308.7,1438,46.2,16,0,0,0,0,0,0
7789,M22648,M,300.2,311.5,1547,40.9,66,0,0,0,0,0,0
9148,L56327,L,297.7,308.7,1688,27.2,125,0,0,0,0,0,0
427,L47606,L,297.4,308.5,1501,44.9,20,0,0,0,0,0,0
2515,L49694,L,298.9,308.6,2069,18.7,27,0,0,0,0,0,0
1006,L48185,L,296.2,307.2,1382,52.0,201,0,0,0,0,0,0
8693,L55872,L,297.1,308.4,1583,31.9,2,0,0,0,0,0,0
8891,L56070,L,297.7,308.8,1616,34.2,114,0,0,0,0,0,0
8834,L56013,L,297.4,308.8,1529,41.3,165,0,0,0,0,0,0
128,L47307,L,298.9,308.6,1413,46.5,122,0,0,0,0,0,0
6045,M20904,M,300.8,310.9,1522,41.7,115,0,0,0,0,0,0
6693,M21552,M,301.8,311.0,1839,23.6,30,0,0,0,0,0,0
5485,M20344,M,302.5,312.0,1826,25.3,203,0,0,0,0,0,0
1745,M16604,M,298.5,308.0,1461,51.9,157,0,0,0,0,0,0
9508,L56687,L,299.3,310.5,1505,38.8,30,0,0,0,0,0,0
9673,H39086,H,299.0,310.2,1744,31.5,0,0,0,0,0,0,0
1925,L49104,L,297.9,307.7,1353,50.7,13,0,0,0,0,0,0
9631,L56810,L,299.0,310.1,1583,35.8,142,0,0,0,0,0,0
8811,M23670,M,297.3,308.5,1625,32.8,92,0,0,0,0,0,0
8632,H38045,H,297.3,308.3,1506,37.0,54,0,0,0,0,0,0
5679,M20538,M,302.2,311.7,1584,36.2,63,0,0,0,0,0,0
974,L48153,L,295.9,306.6,1679,30.4,117,0,0,0,0,0,0
772,H30185,H,296.8,308.0,1311,58.6,19,0,0,0,0,0,0
1280,M16139,M,298.3,309.6,1531,40.1,81,0,0,0,0,0,0
971,L48150,L,295.8,306.5,1568,35.1,111,0,0,0,0,0,0
662,M15521,M,297.6,309.0,1427,45.6,179,0,0,0,0,0,0
7,L47186,L,298.1,308.6,1558,42.4,14,0,0,0,0,0,0
750,L47929,L,296.6,308.0,1978,22.3,208,0,0,0,0,0,0
9097,L56276,L,297.2,308.1,1712,30.9,204,0,0,0,0,0,0
9855,H39268,H,298.6,309.4,1362,45.3,56,0,0,0,0,0,0
2594,H32007,H,298.9,308.5,1415,54.0,6,0,0,0,0,0,0
6775,H36188,H,301.2,310.7,1747,27.3,35,0,0,0,0,0,0
7124,M21983,M,300.9,310.4,1576,40.4,92,0,0,0,0,0,0
6285,M21144,M,301.2,310.8,1734,31.3,64,0,0,0,0,0,0
8359,L55538,L,298.7,309.7,1547,37.4,0,0,0,0,0,0,0
6274,L53453,L,301.2,310.8,1711,28.9,38,0,0,0,0,0,0
7039,L54218,L,300.7,310.6,1654,34.2,89,0,0,0,0,0,0
2653,L49832,L,299.9,309.5,1772,23.5,167,0,0,0,0,0,0
3638,M18497,M,302.2,311.4,1626,31.6,62,0,0,0,0,0,0
6470,M21329,M,300.4,309.6,1521,35.0,119,0,0,0,0,0,0
8379,M23238,M,298.8,309.9,1331,61.6,46,0,0,0,0,0,0
3411,L50590,L,301.2,310.3,1451,39.7,123,0,0,0,0,0,0
5887,L53066,L,301.4,311.1,1494,41.9,142,0,0,0,0,0,0
9667,M24526,M,299.1,310.3,1838,24.0,235,0,0,0,0,0,0
6924,L54103,L,301.2,311.7,1433,49.3,206,0,0,0,0,0,0
1976,L49155,L,298.0,307.7,1422,45.6,140,0,0,0,0,0,0
9747,L56926,L,298.8,310.0,1403,45.6,185,0,0,0,0,0,0
9244,L56423,L,298.3,308.8,1454,49.0,166,0,0,0,0,0,0
7316,L54495,L,299.9,310.4,1470,50.0,148,0,0,0,0,0,0
5816,L52995,L,301.2,311.0,1670,33.0,200,0,0,0,0,0,0
3962,M18821,M,302.2,311.4,1642,32.1,42,0,0,0,0,0,0
7475,L54654,L,300.3,311.7,1989,22.3,121,0,0,0,0,0,0
9283,M24142,M,298.2,308.9,1414,44.3,68,0,0,0,0,0,0
5110,M19969,M,304.0,313.4,1389,45.8,123,0,0,0,0,0,0
9233,L56412,L,298.2,309.1,1350,52.0,136,0,0,0,0,0,0
8110,L55289,L,300.3,311.7,1821,26.3,202,0,0,0,0,0,0
4197,M19056,M,302.5,311.0,1563,35.6,190,0,0,0,0,0,0
5803,L52982,L,301.4,310.8,1490,38.0,168,0,0,0,0,0,0
5576,H34989,H,302.4,312.0,1477,39.7,18,0,0,0,0,0,0
3763,M18622,M,302.3,311.0,1526,37.7,171,0,0,0,0,0,0
3271,L50450,L,301.4,310.1,1937,21.8,205,0,0,0,0,0,0
6371,L53550,L,300.1,309.6,1321,46.9,75,0,0,0,0,0,0
2822,M17681,M,300.3,309.6,1419,42.5,137,0,0,0,0,0,0
7300,L54479,L,300.1,310.5,1492,50.9,111,0,0,0,0,0,0
3568,L50747,L,301.8,310.5,1548,34.1,93,0,0,0,0,0,0
6005,L53184,L,300.5,310.4,1761,26.5,12,0,0,0,0,0,0
7500,L54679,L,300.3,311.8,1746,26.3,187,0,0,0,0,0,0
2985,L50164,L,300.6,309.7,1639,30.4,121,0,0,0,0,0,0
538,H29951,H,297.4,309.3,1516,43.0,83,0,0,0,0,0,0
636,L47815,L,298.3,310.0,1858,23.9,114,0,0,0,0,0,0
4535,L51714,L,302.4,310.2,1633,28.0,164,0,0,0,0,0,0
680,L47859,L,297.8,309.2,1372,47.3,15,0,0,0,0,0,0
8100,L55279,L,300.2,311.7,1603,30.5,176,0,0,0,0,0,0
4177,M19036,M,302.3,310.7,1544,39.7,141,0,0,0,0,0,0
7117,L54296,L,301.0,310.5,1601,33.2,77,0,0,0,0,0,0
4531,L51710,L,302.5,310.4,1487,42.0,152,0,0,0,0,0,0
7390,L54569,L,299.8,310.6,1707,32.5,124,0,0,0,0,0,0
5567,L52746,L,302.4,312.0,1457,45.5,206,0,0,0,0,0,0
6987,L54166,L,300.7,311.1,1688,30.7,161,0,0,0,0,0,0
4509,L51688,L,302.4,310.0,1426,46.6,102,0,0,0,0,0,0
4910,L52089,L,303.5,312.4,1481,43.7,20,0,0,0,0,0,0
3029,L50208,L,300.5,309.5,1379,55.6,2,0,0,0,0,0,0
514,L47693,L,297.4,309.2,1428,38.8,26,0,0,0,0,0,0
4110,M18969,M,301.9,310.6,1475,47.8,179,0,0,0,0,0,0
8956,M23815,M,297.4,308.0,1355,55.1,63,0,0,0,0,0,0
4500,H33913,H,302.6,310.3,1721,27.4,79,0,0,0,0,0,0
2836,L50015,L,300.3,309.2,1572,32.0,173,0,0,0,0,0,0
4386,L51565,L,301.8,309.7,1442,45.3,233,1,1,0,0,0,0
6823,M21682,M,300.9,310.6,1709,29.2,158,0,0,0,0,0,0
9652,M24511,M,299.1,310.0,1580,36.0,195,0,0,0,0,0,0
2121,H31534,H,299.2,308.8,1908,21.3,104,0,0,0,0,0,0
8715,M23574,M,297.2,308.6,1444,41.1,56,0,0,0,0,0,0
2664,L49843,L,299.9,309.3,1620,31.1,196,0,0,0,0,0,0
6009,L53188,L,300.7,310.7,1431,39.3,22,0,0,0,0,0,0
7843,L55022,L,300.1,311.5,1659,31.1,203,0,0,0,0,0,0
5315,L52494,L,303.6,312.8,1701,30.8,12,0,0,0,0,0,0
1986,L49165,L,298.1,307.7,1537,40.8,169,0,0,0,0,0,0
4102,L51281,L,301.9,310.4,1884,23.4,163,0,0,0,0,0,0
8539,L55718,L,298.5,309.4,1548,37.7,43,0,0,0,0,0,0
9590,L56769,L,299.2,310.4,1472,43.3,32,0,0,0,0,0,0
579,L47758,L,297.8,309.8,1533,36.8,198,0,0,0,0,0,0
8637,L55816,L,297.5,308.4,1723,27.3,67,0,0,0,0,0,0
4343,M19202,M,301.7,309.8,1284,68.2,111,1,0,1,1,0,0
2830,L50009,L,300.3,309.3,1612,36.0,158,0,0,0,0,0,0
3851,M18710,M,302.3,311.0,1421,41.3,182,0,0,0,0,0,0
8498,M23357,M,298.3,309.4,1509,34.2,141,0,0,0,0,0,0
7989,L55168,L,301.1,312.3,1486,34.9,122,0,0,0,0,0,0
810,L47989,L,296.9,307.6,1452,45.7,122,0,0,0,0,0,0
7177,L54356,L,300.1,310.1,1650,31.6,19,0,0,0,0,0,0
6148,M21007,M,301.1,311.1,2089,19.8,162,0,0,0,0,0,0
2276,L49455,L,299.3,308.6,1605,37.0,78,0,0,0,0,0,0
365,L47544,L,297.6,308.4,1407,55.2,86,0,0,0,0,0,0
4752,L51931,L,303.3,311.4,1510,37.3,36,0,0,0,0,0,0
3699,H33112,H,302.2,311.3,1758,26.4,4,0,0,0,0,0,0
829,L48008,L,296.5,307.3,1566,37.2,164,0,0,0,0,0,0
6935,L54114,L,300.8,311.4,1536,40.9,22,0,0,0,0,0,0
341,L47520,L,297.4,308.1,1474,39.4,20,0,0,0,0,0,0
9340,L56519,L,298.5,309.0,1458,44.8,217,0,0,0,0,0,0
9306,H38719,H,298.3,309.1,1646,30.2,125,0,0,0,0,0,0
2753,M17612,M,299.7,309.1,1851,24.7,189,0,0,0,0,0,0
1896,L49075,L,297.9,307.6,1344,54.3,151,0,0,0,0,0,0
1208,M16067,M,297.0,308.1,1573,34.9,93,0,0,0,0,0,0
418,L47597,L,297.4,308.4,1394,50.1,213,0,0,0,0,0,0
5392,L52571,L,302.7,312.2,1572,34.4,228,0,0,0,0,0,0
2544,L49723,L,299.3,309.0,1786,23.5,100,0,0,0,0,0,0
5375,L52554,L,302.9,312.3,1515,40.8,183,0,0,0,0,0,0
9912,M24771,M,298.6,309.0,1481,40.8,6,0,0,0,0,0,0
6197,L53376,L,300.9,310.8,1701,30.4,55,0,0,0,0,0,0
8868,L56047,L,297.9,308.9,1566,41.9,50,0,0,0,0,0,0
1088,H30501,H,296.9,307.8,1549,35.8,206,1,1,0,0,0,0
678,L47857,L,297.9,309.2,1478,39.7,10,0,0,0,0,0,0
3818,M18677,M,302.1,310.6,1421,52.0,95,0,0,0,0,0,0
2896,M17755,M,300.7,309.6,1473,48.1,87,0,0,0,0,0,0
8077,L55256,L,300.3,311.8,1360,48.0,119,0,0,0,0,0,0
1215,M16074,M,296.8,307.8,1694,33.0,115,0,0,0,0,0,0
7844,M22703,M,300.1,311.7,1400,48.5,205,0,0,0,0,0,0
9601,M24460,M,298.9,310.0,1561,45.3,58,0,0,0,0,0,0
9609,M24468,M,298.9,310.1,1513,41.5,80,0,0,0,0,0,0
5273,M20132,M,303.6,313.0,1396,38.2,117,0,0,0,0,0,0
1738,L48917,L,298.4,307.9,1743,27.3,134,0,0,0,0,0,0
5557,H34970,H,302.5,312.0,1357,42.0,179,0,0,0,0,0,0
5805,L52984,L,301.5,310.9,1365,46.5,172,0,0,0,0,0,0
1258,L48437,L,297.5,308.9,1466,43.0,15,0,0,0,0,0,0
9628,M24487,M,298.9,310.0,1487,36.6,129,0,0,0,0,0,0
8343,L55522,L,298.7,309.7,1510,40.6,162,0,0,0,0,0,0
955,H30368,H,295.6,306.2,1414,42.5,69,0,0,0,0,0,0
5418,L52597,L,302.6,312.4,1386,45.8,38,0,0,0,0,0,0
3991,H33404,H,302.2,311.2,1692,28.2,122,0,0,0,0,0,0
5524,M20383,M,302.5,311.9,1524,34.8,86,0,0,0,0,0,0
2808,M17667,M,299.9,309.3,1452,41.9,106,0,0,0,0,0,0
5873,M20732,M,301.5,311.0,1504,42.6,109,0,0,0,0,0,0
2535,L49714,L,298.9,308.7,1729,26.6,73,0,0,0,0,0,0
6933,L54112,L,300.8,311.4,1322,67.2,18,1,0,0,1,0,0
3201,M18060,M,300.1,309.2,1454,44.4,19,0,0,0,0,0,0
2349,L49528,L,299.2,308.4,1436,41.8,28,0,0,0,0,0,0
9622,M24481,M,299.0,310.0,2049,19.5,111,0,0,0,0,0,0
8303,L55482,L,298.7,310.1,1641,31.1,49,0,0,0,0,0,0
6503,L53682,L,300.9,310.0,2595,13.7,207,0,0,0,0,0,0
9705,L56884,L,298.9,310.1,1577,41.4,80,0,0,0,0,0,0
1344,L48523,L,298.5,310.2,1676,32.7,18,0,0,0,0,0,0
1456,L48635,L,299.0,310.4,1382,53.0,89,0,0,0,0,0,0
7132,M21991,M,300.5,309.8,1410,44.4,111,0,0,0,0,0,0
4756,L51935,L,303.4,311.7,1295,51.3,51,1,0,1,0,0,0
1359,M16218,M,298.7,310.1,1693,31.9,51,0,0,0,0,0,0
51,L47230,L,298.9,309.1,2861,4.6,143,1,0,0,1,0,0
7643,M22502,M,300.4,311.4,1604,31.7,119,0,0,0,0,0,0
7011,M21870,M,300.5,310.5,1469,42.9,14,0,0,0,0,0,0
4858,L52037,L,303.7,312.3,1606,37.4,103,0,0,0,0,0,0
6149,L53328,L,301.1,311.2,1564,37.0,165,0,0,0,0,0,0
8620,H38033,H,297.6,308.6,1480,39.8,19,0,0,0,0,0,0
4233,L51412,L,302.2,310.9,1452,42.3,56,0,0,0,0,0,0
6857,M21716,M,301.1,311.3,1836,22.8,31,0,0,0,0,0,0
4930,L52109,L,303.5,312.4,1340,44.5,76,0,0,0,0,0,0
5552,H34965,H,302.4,311.9,1366,47.3,162,0,0,0,0,0,0
871,L48050,L,295.8,306.4,1325,56.2,65,0,0,0,0,0,0
6315,M21174,M,301.0,310.4,1793,25.0,142,0,0,0,0,0,0
3070,L50249,L,300.0,309.1,1791,28.2,108,0,0,0,0,0,0
2709,L49888,L,299.6,309.1,2266,15.3,79,0,0,0,0,0,0
6766,L53945,L,301.5,310.9,1580,32.3,11,0,0,0,0,0,0
6475,M21334,M,300.5,309.7,1347,54.3,136,0,0,0,0,0,0
106,L47285,L,298.8,308.7,1591,31.1,68,0,0,0,0,0,0
1749,H31162,H,298.4,307.7,1626,31.1,166,0,0,0,0,0,1
8906,L56085,L,297.3,308.6,1385,55.2,156,0,0,0,0,0,0
2483,L49662,L,298.9,308.7,1504,41.8,165,0,0,0,0,0,0
2505,L49684,L,299.2,309.1,1468,45.6,2,0,0,0,0,0,0
8701,M23560,M,297.3,308.7,1451,43.8,24,0,0,0,0,0,0
3354,L50533,L,301.6,310.9,1632,31.6,189,0,0,0,0,0,0
9529,M24388,M,299.1,310.3,1233,59.0,81,0,0,0,0,0,0
8760,M23619,M,297.5,308.7,1352,53.0,171,0,0,0,0,0,0
8688,M23547,M,297.2,308.5,1604,34.9,200,0,0,0,0,0,0
473,M15332,M,297.4,309.0,1497,41.8,144,0,0,0,0,0,0
1453,L48632,L,299.0,310.3,1584,34.4,83,0,0,0,0,0,0
5193,L52372,L,303.9,313.1,1310,62.9,130,0,0,0,0,0,0
8876,H38289,H,298.1,309.3,1332,51.0,72,0,0,0,0,0,0
2223,L49402,L,299.7,309.0,1605,33.0,151,0,0,0,0,0,0
6450,L53629,L,300.6,310.2,1519,44.6,69,0,0,0,0,0,0
2742,L49921,L,299.6,309.0,1378,51.9,162,0,0,0,0,0,0
4646,L51825,L,303.3,311.4,1732,25.6,232,0,0,0,0,0,0
6573,L53752,L,301.4,310.7,1428,53.7,176,0,0,0,0,0,0
3450,L50629,L,301.7,310.7,1605,33.3,220,0,0,0,0,0,0
8211,H37624,H,299.2,310.7,1636,29.4,23,0,0,0,0,0,0
2360,L49539,L,299.3,308.5,1413,38.5,57,0,0,0,0,0,0
4699,L51878,L,303.4,311.6,1564,41.9,137,0,0,0,0,0,0
4548,M19407,M,302.5,310.4,1451,53.6,194,0,0,0,0,0,0
6664,L53843,L,301.3,310.4,1504,47.2,193,0,0,0,0,0,0
3384,H32797,H,301.4,310.6,1674,33.6,49,0,0,0,0,0,0
424,L47603,L,297.3,308.3,1484,43.9,13,0,0,0,0,0,0
9918,M24777,M,298.5,308.8,1557,36.0,21,0,0,0,0,0,0
2514,L49693,L,299.0,308.7,1583,32.5,25,0,0,0,0,0,0
8120,L55299,L,300.3,311.7,1333,55.2,18,0,0,0,0,0,0
3072,L50251,L,300.0,309.0,2174,16.9,112,0,0,0,0,0,0
3716,M18575,M,302.4,311.4,1475,45.2,46,0,0,0,0,0,0
4291,L51470,L,301.8,310.0,1642,32.6,201,0,0,0,0,0,0
121,L47300,L,298.9,308.7,1433,44.7,108,0,0,0,0,0,0
8920,L56099,L,297.2,308.3,1693,28.0,188,0,0,0,0,0,0
5518,L52697,L,302.6,311.9,1448,49.5,72,0,0,0,0,0,0
1062,L48241,L,296.7,307.9,1420,50.1,138,0,0,0,0,0,0
8591,L55770,L,297.4,307.9,1557,35.5,174,0,0,0,0,0,0
2861,H32274,H,300.6,309.4,1463,49.2,235,0,0,0,0,0,0
3432,L50611,L,301.6,310.7,1429,43.6,176,0,0,0,0,0,0
8735,L55914,L,297.2,308.6,1392,41.5,108,0,0,0,0,0,0
8606,L55785,L,297.5,308.4,1633,33.3,213,0,0,0,0,0,0
7384,M22243,M,299.7,310.4,1410,44.5,105,0,0,0,0,0,0
6702,L53881,L,301.6,310.9,1623,34.1,56,0,0,0,0,0,0
178,L47357,L,298.2,308.2,1988,21.4,41,0,0,0,0,0,0
9591,M24450,M,299.2,310.4,1325,52.0,34,0,0,0,0,0,0
3017,L50196,L,300.5,309.8,1441,48.8,200,0,0,0,0,0,0
2968,L50147,L,300.6,309.4,1369,51.6,71,0,0,0,0,0,0
673,M15532,M,297.6,308.9,1433,43.2,206,0,0,0,0,0,0
7994,L55173,L,301.1,312.3,1595,31.9,134,0,0,0,0,0,0
9423,L56602,L,298.1,308.5,1665,29.6,20,0,0,0,0,0,0
3357,L50536,L,301.6,310.8,1355,57.8,195,1,0,0,0,1,0
5419,L52598,L,302.6,312.4,1398,41.6,40,0,0,0,0,0,0
9114,L56293,L,297.6,308.6,1744,28.5,42,0,0,0,0,0,0
6265,L53444,L,300.9,310.4,1541,39.1,17,0,0,0,0,0,0
8398,L55577,L,298.5,309.6,1724,26.4,100,0,0,0,0,0,0
273,L47452,L,298.1,308.1,1484,40.4,59,0,0,0,0,0,0
7905,M22764,M,300.8,312.4,1811,25.1,136,0,0,0,0,0,0
11,H29424,H,298.4,308.9,1782,23.9,24,0,0,0,0,0,0
9784,H39197,H,298.8,309.9,1466,44.6,66,0,0,0,0,0,0
5470,M20329,M,302.7,312.2,1439,42.5,164,0,0,0,0,0,0
5003,L52182,L,303.7,312.8,1627,31.7,40,0,0,0,0,0,0
8475,M23334,M,298.5,309.7,1523,44.6,83,0,0,0,0,0,0
1406,L48585,L,298.9,310.1,1394,42.7,179,0,0,0,0,0,0
1883,M16742,M,298.0,307.6,1581,43.4,113,0,0,0,0,0,0
8663,L55842,L,297.5,308.6,1514,36.9,134,0,0,0,0,0,0
8371,L55550,L,298.8,309.8,1634,33.6,27,0,0,0,0,0,0
3837,L51016,L,302.4,311.2,1466,43.9,152,0,0,0,0,0,0
6687,L53866,L,301.7,311.0,1715,24.8,17,0,0,0,0,0,0
2394,L49573,L,299.2,308.5,1544,41.6,146,0,0,0,0,0,0
5822,L53001,L,301.3,311.1,1303,49.2,212,0,0,0,0,0,0
4153,M19012,M,302.0,310.5,1425,44.7,76,0,0,0,0,0,0
6528,L53707,L,301.2,310.4,1516,44.4,53,0,0,0,0,0,0
5076,L52255,L,304.1,313.2,1366,46.6,35,0,0,0,0,0,0
780,L47959,L,296.8,308.0,1666,29.8,41,0,0,0,0,0,0
1102,H30515,H,296.7,307.5,1607,33.6,38,0,0,0,0,0,0
3366,M18225,M,301.4,310.6,1630,30.3,2,0,0,0,0,0,0
2682,L49861,L,299.8,309.5,1545,32.2,18,0,0,0,0,0,0
9151,M24010,M,297.5,308.6,1347,57.0,132,0,0,0,0,0,0
3914,M18773,M,302.4,311.4,1675,29.6,128,0,0,0,0,0,0
2855,L50034,L,300.5,309.3,1470,40.8,219,0,0,0,0,0,0
2376,M17235,M,299.2,308.4,1476,32.7,101,0,0,0,0,0,0
3532,M18391,M,301.9,310.9,1641,33.2,3,0,0,0,0,0,0
6133,L53312,L,301.1,311.1,1429,42.5,123,0,0,0,0,0,0
5691,L52870,L,302.3,311.8,1435,44.8,98,0,0,0,0,0,0
5126,M19985,M,304.3,313.5,1416,48.1,167,0,0,0,0,0,0
3672,M18531,M,302.3,311.7,1486,39.6,147,0,0,0,0,0,0
2355,L49534,L,299.3,308.6,1433,37.7,42,0,0,0,0,0,0
3688,M18547,M,302.0,311.2,1625,30.7,189,0,0,0,0,0,0
2634,L49813,L,300.1,309.8,1532,39.8,115,0,0,0,0,0,0
2330,L49509,L,299.3,308.7,1484,40.5,213,0,0,0,0,0,0
8460,L55639,L,298.7,309.9,1651,29.5,42,0,0,0,0,0,0
596,M15455,M,297.6,309.6,1330,53.1,7,0,0,0,0,0,0
1080,L48259,L,297.0,307.7,1731,28.5,186,0,0,0,0,0,0
4863,L52042,L,303.5,312.1,1326,55.7,114,0,0,0,0,0,0
4813,L51992,L,303.4,311.9,1531,37.9,203,0,0,0,0,0,0
2146,L49325,L,299.3,308.8,1550,45.8,170,0,0,0,0,0,0
7873,L55052,L,300.6,312.3,1532,37.2,54,0,0,0,0,0,0
9507,H38920,H,299.3,310.4,1548,41.6,25,0,0,0,0,0,0
4203,L51382,L,302.4,311.0,1555,40.6,205,0,0,0,0,0,0
8259,L55438,L,299.1,310.6,1602,39.7,144,0,0,0,0,0,0
1383,L48562,L,298.8,310.1,1653,30.3,119,0,0,0,0,0,0
2066,L49245,L,299.7,309.6,1419,45.1,170,0,0,0,0,0,0
3691,L50870,L,302.1,311.3,1477,43.6,196,0,0,0,0,0,0
8581,L55760,L,297.5,308.1,1631,30.6,146,0,0,0,0,0,0
1502,M16361,M,298.0,308.7,1436,48.2,201,0,0,0,0,0,0
6330,M21189,M,300.7,310.0,1641,34.6,178,0,0,0,0,0,0
7024,M21883,M,300.7,310.6,1572,38.5,50,0,0,0,0,0,0
2464,L49643,L,298.9,308.5,1580,39.1,119,0,0,0,0,0,0
670,H30083,H,297.5,308.9,1471,37.7,197,0,0,0,0,0,0
5657,M20516,M,302.3,311.5,1316,47.2,4,0,0,0,0,0,0
8617,L55796,L,297.6,308.6,1355,46.4,13,0,0,0,0,0,0
3488,M18347,M,301.8,310.8,1508,38.8,96,0,0,0,0,0,0
822,L48001,L,296.7,307.6,1474,41.7,148,0,0,0,0,0,0
9487,M24346,M,298.9,309.6,1472,46.0,199,0,0,0,0,0,0
68,H29481,H,298.8,308.9,1466,44.1,184,0,0,0,0,0,0
8780,M23639,M,297.5,308.6,1349,51.5,21,0,0,0,0,0,0
5111,M19970,M,304.0,313.5,1732,26.2,126,0,0,0,0,0,0
3339,M18198,M,301.6,310.9,1510,40.9,152,0,0,0,0,0,0
9604,M24463,M,298.9,310.1,1549,40.2,65,0,0,0,0,0,0
8645,M23504,M,297.6,308.5,1443,38.2,85,0,0,0,0,0,0
4662,L51841,L,303.3,311.3,1350,48.1,32,1,0,1,0,0,0
7787,L54966,L,300.3,311.5,1466,46.2,62,0,0,0,0,0,0
994,M15853,M,296.1,307.1,1485,36.0,169,0,0,0,0,0,0
4160,M19019,M,302.0,310.5,1639,32.9,94,0,0,0,0,0,0
4301,M19160,M,301.7,310.1,1644,34.6,5,0,0,0,0,0,0
9457,L56636,L,298.5,309.3,1630,33.3,116,0,0,0,0,0,0
3197,L50376,L,300.0,309.1,1489,40.3,7,0,0,0,0,0,0
469,L47648,L,297.3,308.7,1619,31.6,129,0,0,0,0,0,0
905,H30318,H,295.7,306.2,1458,49.8,151,0,0,0,0,0,0
8091,L55270,L,300.1,311.4,1910,23.0,153,0,0,0,0,0,0
8023,L55202,L,300.9,312.0,1441,43.8,210,0,0,0,0,0,0
4001,L51180,L,302.1,311.2,1422,50.3,146,0,0,0,0,0,0
1445,L48624,L,299.0,310.2,1477,37.9,60,0,0,0,0,0,0
6462,L53641,L,300.6,310.0,1505,35.9,95,0,0,0,0,0,0
8936,L56115,L,297.4,308.3,1801,26.9,11,0,0,0,0,0,0
8755,L55934,L,297.4,308.6,1635,30.5,159,0,0,0,0,0,0
3379,L50558,L,301.5,310.7,1568,33.1,38,0,0,0,0,0,0
6130,M20989,M,301.0,311.0,1508,46.9,113,0,0,0,0,0,0
5634,L52813,L,302.7,312.2,1447,47.5,166,0,0,0,0,0,0
9782,L56961,L,298.8,309.9,1441,41.6,62,0,0,0,0,0,0
9629,H39042,H,299.0,310.0,1569,34.3,132,0,0,0,0,0,0
6171,H35584,H,300.8,310.5,1559,40.1,220,0,0,0,0,0,0
6737,L53916,L,301.7,311.0,1527,42.2,144,0,0,0,0,0,0
6193,L53372,L,301.0,310.9,1428,45.3,47,0,0,0,0,0,0
5299,M20158,M,303.7,313.1,2130,18.1,185,0,0,0,0,0,0
9933,L57112,L,298.3,308.2,1663,28.4,67,0,0,0,0,0,0
3038,L50217,L,300.5,309.7,1887,24.3,28,0,0,0,0,0,0
2612,L49791,L,299.4,309.1,1957,22.1,55,0,0,0,0,0,0
3754,L50933,L,302.2,311.0,1463,46.8,150,0,0,0,0,0,0
3251,H32664,H,301.2,309.8,1709,27.0,151,0,0,0,0,0,0
6961,L54140,L,300.7,311.0,1413,52.0,91,0,0,0,0,0,1
8482,M23341,M,298.3,309.4,1595,29.0,103,0,0,0,0,0,0
6426,L53605,L,300.3,309.9,1393,56.1,12,0,0,0,0,0,0
1299,M16158,M,298.7,309.8,1343,53.6,134,0,0,0,0,0,0
5348,L52527,L,303.3,312.7,1262,63.8,100,0,0,0,0,0,0
2418,L49597,L,298.9,308.3,1576,36.6,7,0,0,0,0,0,0
5016,L52195,L,303.9,313.0,1759,28.4,74,0,0,0,0,0,0
8261,H37674,H,299.1,310.6,1332,48.0,148,0,0,0,0,0,0
9226,L56405,L,298.0,309.1,1820,23.6,120,0,0,0,0,0,0
3871,L51050,L,302.7,311.8,1461,46.1,10,0,0,0,0,0,0
6653,H36066,H,301.5,310.4,1580,35.7,161,0,0,0,0,0,0
4974,L52153,L,303.8,312.7,1461,38.2,188,0,0,0,0,0,0
4844,L52023,L,303.3,311.8,1842,24.5,67,0,0,0,0,0,0
9128,L56307,L,297.4,308.5,1761,27.2,76,0,0,0,0,0,0
8878,M23737,M,298.1,309.2,1460,45.8,80,0,0,0,0,0,0
2720,L49899,L,299.5,309.2,1690,29.2,108,0,0,0,0,0,0
8206,M23065,M,299.4,310.9,1446,47.3,12,0,0,0,0,0,0
3066,M17925,M,300.1,309.2,1687,27.7,95,0,0,0,0,0,1
7105,L54284,L,300.9,310.4,1454,43.1,43,0,0,0,0,0,0
865,M15724,M,296.0,306.7,2044,22.3,48,0,0,0,0,0,0
645,H30058,H,297.7,309.4,1608,30.2,135,0,0,0,0,0,0
2174,M17033,M,299.5,309.2,1495,41.6,17,0,0,0,0,0,0
2463,L49642,L,298.9,308.5,1742,34.5,117,0,0,0,0,0,0
2152,M17011,M,299.3,308.7,1289,51.5,185,0,0,0,0,0,0
9847,L57026,L,298.3,309.0,1339,58.8,35,0,0,0,0,0,0
9424,L56603,L,298.1,308.5,1676,30.5,22,0,0,0,0,0,0
3433,M18292,M,301.6,310.7,2012,20.7,178,0,0,0,0,0,0
1173,L48352,L,297.1,308.1,1446,36.6,227,0,0,0,0,0,0
3222,L50401,L,300.6,309.6,1423,49.1,74,0,0,0,0,0,0
1198,M16057,M,296.9,307.9,1441,47.6,60,0,0,0,0,0,0
6842,M21701,M,301.1,311.2,1591,35.0,208,0,0,0,0,0,0
2522,L49701,L,298.8,308.6,1584,34.4,42,0,0,0,0,0,0
7306,M22165,M,300.0,310.5,1790,25.7,123,0,0,0,0,0,0
3776,H33189,H,302.5,311.1,1850,23.3,203,0,0,0,0,0,0
2811,L49990,L,299.8,309.1,1772,24.8,113,0,0,0,0,0,0
9027,M23886,M,297.5,308.4,1685,28.1,15,0,0,0,0,0,0
9923,H39336,H,298.6,308.8,1566,39.1,36,0,0,0,0,0,0
3853,L51032,L,302.3,310.9,2034,19.7,190,0,0,0,0,0,0
1416,L48595,L,298.7,309.9,1617,33.0,203,0,0,0,0,0,0
3978,M18837,M,302.2,311.3,1510,36.6,91,0,0,0,0,0,0
2620,L49799,L,299.4,309.2,1569,40.8,73,0,0,0,0,0,0
1440,M16299,M,298.8,309.8,1534,37.0,47,0,0,0,0,0,0
2736,L49915,L,299.7,309.2,1412,45.4,147,0,0,0,0,0,0
577,H29990,H,297.7,309.7,1440,51.1,191,0,0,0,0,0,0
3925,M18784,M,302.5,311.4,1636,35.0,157,0,0,0,0,0,0
5504,H34917,H,302.6,312.0,1657,29.3,37,0,0,0,0,0,0
4773,M19632,M,303.6,312.0,1435,37.9,98,0,0,0,0,0,0
283,M15142,M,298.1,308.1,1390,49.8,85,0,0,0,0,0,0
8907,L56086,L,297.3,308.7,1592,34.4,158,0,0,0,0,0,0
1861,L49040,L,297.8,307.6,1607,30.3,62,0,0,0,0,0,0
9245,L56424,L,298.3,308.8,1767,27.3,168,0,0,0,0,0,0
8349,M23208,M,298.7,309.6,1452,42.7,180,0,0,0,0,0,0
9161,H38574,H,297.5,308.5,1671,28.0,158,0,0,0,0,0,0
6289,L53468,L,301.0,310.5,1317,50.9,75,0,0,0,0,0,0
4389,L51568,L,302.0,309.8,1701,27.2,4,0,0,0,0,0,0
6540,L53719,L,301.4,310.7,1436,54.1,90,0,0,0,0,0,0
8530,M23389,M,298.5,309.4,1522,47.4,20,0,0,0,0,0,0
1858,L49037,L,297.7,307.4,1643,36.5,55,0,0,0,0,0,0
5413,L52592,L,302.9,312.6,1328,59.9,24,0,0,0,0,0,0
3094,L50273,L,300.0,309.3,1397,51.2,173,0,0,0,0,0,0
3592,M18451,M,301.7,310.5,1458,41.4,153,0,0,0,0,0,0
1892,L49071,L,297.7,307.4,1764,29.0,139,0,0,0,0,0,0
9039,L56218,L,297.3,308.3,2358,14.9,49,0,0,0,0,0,0
5250,M20109,M,303.4,312.9,1422,39.9,63,0,0,0,0,0,0
8730,L55909,L,297.3,308.7,1352,53.8,91,0,0,0,0,0,0
9977,L57156,L,298.6,308.2,1705,26.3,177,0,0,0,0,0,0
6996,M21855,M,300.6,310.7,1705,31.2,181,0,0,0,0,0,0
1465,L48644,L,298.8,310.0,1412,46.3,107,0,0,0,0,0,0
3154,M18013,M,300.5,309.9,1483,49.3,124,0,0,0,0,0,0
4217,L51396,L,301.9,310.7,1370,50.3,20,0,0,0,0,0,0
254,L47433,L,298.0,308.2,1357,48.2,7,0,0,0,0,0,0
4571,L51750,L,302.8,310.9,1312,52.2,40,1,0,1,0,0,0
2041,L49220,L,299.1,308.9,1686,29.6,108,0,0,0,0,0,0
2169,M17028,M,299.5,309.1,1420,49.5,5,0,0,0,0,0,0
982,L48161,L,296.2,306.8,1655,31.1,136,0,0,0,0,0,0
2714,M17573,M,299.6,309.2,1651,30.8,92,0,0,0,0,0,0
2652,L49831,L,299.9,309.5,2008,20.4,165,0,0,0,0,0,0
9842,M24701,M,298.3,309.2,1359,51.4,21,0,0,0,0,0,0
1225,L48404,L,297.1,308.3,1763,25.7,139,0,0,0,0,0,0
8674,L55853,L,297.4,308.6,1494,42.6,161,0,0,0,0,0,0
4851,L52030,L,303.5,312.0,1441,56.8,88,0,0,0,0,0,0
3706,M18565,M,302.0,311.3,1725,27.7,23,0,0,0,0,0,0
9152,L56331,L,297.6,308.6,1553,40.5,135,0,0,0,0,0,0
1705,M16564,M,298.1,307.8,1503,44.7,54,0,0,0,0,0,0
5656,L52835,L,302.3,311.5,1387,47.3,2,0,0,0,0,0,0
8798,L55977,L,297.2,308.3,1569,31.2,63,0,0,0,0,0,0
3540,L50719,L,302.0,311.0,1686,32.5,25,0,0,0,0,0,0
9793,H39206,H,298.5,309.4,1573,36.0,97,0,0,0,0,0,0
9794,H39207,H,298.5,309.4,1414,46.7,102,0,0,0,0,0,0
1688,L48867,L,297.9,307.3,1502,36.7,12,0,0,0,0,0,0
9499,H38912,H,299.2,310.1,1542,36.1,5,0,0,0,0,0,0
3216,M18075,M,300.5,309.4,2179,16.3,59,0,0,0,0,0,0
4374,M19233,M,301.9,309.7,1533,35.9,204,0,0,0,0,0,0
5836,L53015,L,301.3,311.2,1668,30.1,18,0,0,0,0,0,0
1207,H30620,H,296.9,308.0,1318,53.5,88,0,0,0,0,0,0
6688,L53867,L,301.7,311.0,1700,28.7,19,0,0,0,0,0,0
2746,M17605,M,299.7,309.1,1603,38.5,170,0,0,0,0,0,0
5090,M19949,M,303.9,313.1,1483,47.2,71,0,0,0,0,0,0
1403,M16262,M,298.9,310.1,1313,56.8,171,0,0,0,0,0,0
6561,L53740,L,301.6,310.8,1961,21.8,148,0,0,0,0,0,0
1164,L48343,L,296.9,307.9,1367,47.1,204,0,0,0,0,0,0
5550,H34963,H,302.3,311.9,1374,52.4,154,0,0,0,0,0,0
3862,M18721,M,302.5,311.5,1481,41.1,215,0,0,0,0,0,0
6075,M20934,M,301.0,310.8,1533,39.3,194,0,0,0,0,0,0
6879,H36292,H,300.9,311.2,1518,35.0,90,0,0,0,0,0,0
5762,L52941,L,301.9,311.2,1369,49.8,66,0,0,0,0,0,0
5278,L52457,L,303.5,312.9,1501,44.0,128,0,0,0,0,0,0
1396,L48575,L,299.1,310.4,1452,39.7,151,0,0,0,0,0,0
3562,L50741,L,301.7,310.6,1486,38.5,78,0,0,0,0,0,0
6181,L53360,L,301.0,310.9,1492,44.6,15,0,0,0,0,0,0
6247,H35660,H,300.8,310.3,1457,46.8,182,0,0,0,0,0,0
988,M15847,M,296.3,307.1,1534,33.8,151,0,0,0,0,0,0
4058,L51237,L,302.0,310.9,1495,38.6,52,0,0,0,0,0,0
730,L47909,L,297.3,308.6,1586,37.7,155,0,0,0,0,0,0
2809,L49988,L,299.9,309.3,1471,41.8,109,0,0,0,0,0,0
7650,H37063,H,300.4,311.5,1662,29.0,137,0,0,0,0,0,0
1532,H30945,H,298.1,309.0,1438,41.4,60,0,0,0,0,0,0
6066,L53245,L,301.0,310.9,1568,38.2,172,0,0,0,0,0,0
6120,L53299,L,300.9,311.1,1471,39.3,91,0,0,0,0,0,0
48,L47227,L,298.8,309.1,1418,46.3,133,0,0,0,0,0,0
3326,L50505,L,301.5,310.6,1587,33.7,122,0,0,0,0,0,0
223,L47402,L,298.4,308.6,1304,45.0,158,0,0,0,0,0,0
5769,L52948,L,301.7,311.3,1421,45.9,85,0,0,0,0,0,0
9746,L56925,L,298.8,310.0,1611,32.4,183,0,0,0,0,0,0
463,L47642,L,297.4,308.7,1433,43.4,116,0,0,0,0,0,0
4320,M19179,M,301.6,310.2,1411,45.1,54,0,0,0,0,0,0
4897,M19756,M,303.7,312.4,1642,32.3,206,0,0,0,0,0,0
8551,L55730,L,298.3,309.2,1456,45.5,75,0,0,0,0,0,0
6466,M21325,M,300.5,309.8,1416,48.5,110,0,0,0,0,0,0
6178,L53357,L,301.0,310.8,1527,45.3,8,0,0,0,0,0,0
7243,H36656,H,299.9,310.1,1447,51.4,185,0,0,0,0,0,0
870,L48049,L,295.8,306.5,1358,49.2,63,0,0,0,0,0,0
3923,M18782,M,302.6,311.4,1757,29.5,151,0,0,0,0,0,0
7003,H36416,H,300.5,310.6,1411,47.2,201,0,0,0,0,0,0
3975,L51154,L,302.4,311.5,1505,37.9,79,0,0,0,0,0,0
5681,M20540,M,302.2,311.6,1386,50.5,69,0,0,0,0,0,0
1098,H30511,H,296.9,307.5,1397,48.3,22,0,0,0,0,0,0
9249,M24108,M,298.3,309.1,1488,40.6,176,0,0,0,0,0,0
4996,L52175,L,303.6,312.6,1540,39.8,21,0,0,0,0,0,0
2820,L49999,L,300.2,309.5,1356,51.1,133,0,0,0,0,0,0
8612,L55791,L,297.4,308.3,1472,45.5,2,0,0,0,0,0,0
4452,L51631,L,302.5,310.3,1549,40.9,170,0,0,0,0,0,0
5544,L52723,L,302.4,311.8,1255,59.0,138,0,0,0,0,0,0
9951,L57130,L,298.1,307.8,1413,54.1,113,0,0,0,0,0,0
8827,M23686,M,297.2,308.8,1485,47.9,143,0,0,0,0,0,0
6344,L53523,L,300.2,309.8,1827,23.0,6,0,0,0,0,0,0
7523,L54702,L,300.1,311.5,1334,54.0,26,0,0,0,0,0,0
328,L47507,L,297.7,308.5,1373,56.7,203,1,0,0,0,1,0
1616,L48795,L,297.8,307.9,1447,48.6,46,0,0,0,0,0,0
6090,L53269,L,300.9,310.7,1509,37.5,12,0,0,0,0,0,0
4311,L51490,L,301.4,310.0,1776,25.6,30,0,0,0,0,0,0
3448,L50627,L,301.7,310.6,1624,34.5,216,0,0,0,0,0,0
2979,H32392,H,300.5,309.4,1642,36.2,103,0,0,0,0,0,0
2818,L49997,L,300.2,309.5,1417,41.1,129,0,0,0,0,0,0
2699,L49878,L,300.0,309.4,2010,20.0,55,0,0,0,0,0,0
2196,L49375,L,299.6,308.9,1613,30.8,80,0,0,0,0,0,0
5697,H35110,H,302.5,311.9,1595,34.6,112,0,0,0,0,0,0
8616,L55795,L,297.6,308.6,1382,47.1,11,0,0,0,0,0,0
6086,L53265,L,300.9,310.6,1538,36.7,3,0,0,0,0,0,0
3372,L50551,L,301.4,310.7,1989,21.8,19,0,0,0,0,0,0
1392,L48571,L,298.9,310.2,2737,8.8,142,1,0,0,1,0,0
6655,L53834,L,301.4,310.3,2203,16.6,169,0,0,0,0,0,0
2065,L49244,L,299.6,309.5,1453,41.4,168,0,0,0,0,0,0
9791,L56970,L,298.6,309.5,1483,43.2,92,0,0,0,0,0,0
1718,L48897,L,298.2,307.6,1369,54.5,82,0,0,0,0,0,0
2937,M17796,M,300.9,309.7,1394,48.8,192,0,0,0,0,0,0
3569,L50748,L,301.8,310.6,1372,54.7,95,0,0,0,0,0,0
5944,L53123,L,300.7,310.7,1541,41.3,82,0,0,0,0,0,0
7043,L54222,L,300.6,310.5,1642,29.9,100,0,0,0,0,0,0
8926,M23785,M,297.2,308.2,1405,42.5,204,0,0,0,0,0,0
9028,M23887,M,297.4,308.3,1444,44.0,18,0,0,0,0,0,0
2003,L49182,L,298.5,308.2,1654,27.1,13,0,0,0,0,0,0
4849,H34262,H,303.5,312.0,1397,52.9,80,0,0,0,0,0,0
2262,M17121,M,299.1,308.2,1435,45.2,45,0,0,0,0,0,0
6559,M21418,M,301.5,310.6,1447,41.9,140,0,0,0,0,0,0
9176,L56355,L,297.8,309.0,1403,64.2,0,1,0,0,1,0,0
4648,L51827,L,303.3,311.4,1958,21.5,0,0,0,0,0,0,0
1572,L48751,L,298.3,308.4,1528,37.3,160,0,0,0,0,0,0
7261,L54440,L,300.4,310.5,2424,14.5,12,0,0,0,0,0,0
9802,M24661,M,298.4,309.3,1496,45.6,129,0,0,0,0,0,0
518,M15377,M,297.5,309.4,1391,58.2,34,0,0,0,0,0,0
7138,M21997,M,300.6,310.0,1486,41.2,127,0,0,0,0,0,0
221,L47400,L,298.3,308.5,1416,52.7,151,0,0,0,0,0,0
7189,L54368,L,300.4,310.4,1286,56.8,46,0,0,0,0,0,0
950,L48129,L,295.6,306.3,1636,32.7,56,0,0,0,0,0,0
3040,M17899,M,300.3,309.5,1665,31.4,32,0,0,0,0,0,0
510,M15369,M,297.6,309.3,1415,41.3,17,0,0,0,0,0,0
7491,M22350,M,300.4,311.8,1707,30.0,165,0,0,0,0,0,0
9280,M24139,M,298.2,308.8,1645,28.2,58,0,0,0,0,0,0
2423,L49602,L,298.8,308.2,1443,53.4,21,0,0,0,0,0,0
2332,L49511,L,299.3,308.6,1384,53.6,218,1,0,0,0,1,0
9743,L56922,L,298.9,310.2,1623,37.2,177,0,0,0,0,0,0
6184,H35597,H,301.0,310.9,1495,37.3,21,0,0,0,0,0,0
7504,M22363,M,300.3,311.7,1646,28.9,198,0,0,0,0,0,0
3284,L50463,L,301.2,309.9,1449,45.5,23,0,0,0,0,0,0
8579,L55758,L,297.5,308.2,1489,40.7,141,0,0,0,0,0,0
8422,L55601,L,298.9,310.3,1496,36.3,161,0,0,0,0,0,0
2300,L49479,L,299.4,308.7,1446,62.9,134,1,0,0,1,0,0
5543,L52722,L,302.3,311.7,1400,41.6,136,0,0,0,0,0,0
3869,M18728,M,302.7,311.7,1759,29.9,5,0,0,0,0,0,0
7866,L55045,L,300.5,311.9,1383,50.5,35,0,0,0,0,0,0
2299,L49478,L,299.3,308.6,1482,37.6,132,0,0,0,0,0,0
1072,L48251,L,296.9,307.8,1425,49.1,163,0,0,0,0,0,0
7675,L54854,L,300.5,311.6,1509,47.2,202,0,0,0,0,0,0
4231,L51410,L,302.2,310.8,1673,32.9,52,0,0,0,0,0,0
8399,L55578,L,298.5,309.7,2617,12.1,102,1,0,0,1,0,0
5623,L52802,L,302.9,312.2,1571,40.6,139,0,0,0,0,0,0
7604,L54783,L,300.4,311.2,1406,43.6,22,0,0,0,0,0,0
8675,M23534,M,297.4,308.6,1528,29.1,163,0,0,0,0,0,0
3484,H32897,H,301.9,310.8,1455,42.7,85,0,0,0,0,0,0
2744,L49923,L,299.6,309.1,1476,45.3,166,0,0,0,0,0,0
9006,L56185,L,297.2,307.9,1337,58.1,184,0,0,0,0,0,0
335,M15194,M,297.5,308.1,1469,44.8,5,0,0,0,0,0,0
5311,L52490,L,303.8,313.0,1427,43.0,0,0,0,0,0,0,0
4073,L51252,L,301.9,310.6,1610,33.4,87,0,0,0,0,0,0
7939,L55118,L,300.8,311.7,1681,31.3,221,0,0,0,0,0,0
355,L47534,L,297.6,308.3,1658,34.3,59,0,0,0,0,0,0
6481,L53660,L,300.7,309.9,1775,26.6,149,0,0,0,0,0,0
1701,M16560,M,298.0,307.6,1844,23.8,44,0,0,0,0,0,0
6312,L53491,L,300.9,310.3,1446,44.5,135,0,0,0,0,0,0
5517,L52696,L,302.6,312.0,1674,32.2,70,0,0,0,0,0,0
9605,H39018,H,299.0,310.2,1637,38.0,68,0,0,0,0,0,0
5066,L52245,L,304.1,313.0,1566,37.2,7,0,0,0,0,0,0
3185,L50364,L,300.1,309.3,1654,31.0,201,0,0,0,0,0,0
734,M15593,M,297.1,308.4,1421,42.0,165,0,0,0,0,0,0
9524,L56703,L,299.0,310.2,1494,40.6,67,0,0,0,0,0,0
5229,M20088,M,303.9,313.1,1343,61.4,14,0,0,0,0,0,0
3156,L50335,L,300.5,309.8,1367,54.0,129,0,0,0,0,0,0
803,L47982,L,296.9,307.8,1571,35.0,102,0,0,0,0,0,0
753,L47932,L,296.9,308.1,1422,48.7,215,0,0,0,0,0,0
4666,M19525,M,303.4,311.4,1307,54.0,44,1,0,1,0,0,0
964,L48143,L,295.8,306.6,1621,31.6,95,0,0,0,0,0,0
4815,L51994,L,303.4,311.8,1401,53.0,208,1,0,0,0,1,0
7978,L55157,L,301.2,312.4,1378,59.0,95,0,0,0,0,0,0
8162,H37575,H,299.6,311.0,1714,30.2,128,0,0,0,0,0,0
5191,L52370,L,304.1,313.2,1452,48.0,126,0,0,0,0,0,0
9477,M24336,M,298.8,309.6,1692,31.9,167,0,0,0,0,0,0
1665,L48844,L,298.2,308.0,1535,38.0,179,0,0,0,0,0,0
1953,L49132,L,298.0,307.8,1266,60.5,81,0,0,0,0,0,0
866,L48045,L,295.9,306.6,1414,50.2,51,0,0,0,0,0,0
7977,H37390,H,301.2,312.4,1395,47.8,90,0,0,0,0,0,0
951,L48130,L,295.6,306.2,1424,42.5,58,0,0,0,0,0,0
9513,L56692,L,299.0,310.2,1575,37.8,42,0,0,0,0,0,0
6770,L53949,L,301.2,310.8,1392,52.6,23,0,0,0,0,0,0
1401,H30814,H,298.9,310.1,1366,62.7,161,0,0,0,0,0,0
1286,M16145,M,298.5,309.6,1492,41.7,100,0,0,0,0,0,0
6890,H36303,H,300.9,311.4,1387,42.7,121,0,0,0,0,0,0
9080,H38493,H,297.3,308.1,1554,42.4,158,0,0,0,0,0,0
6046,L53225,L,300.8,310.9,1311,55.8,118,0,0,0,0,0,0
2602,L49781,L,299.3,309.1,1399,52.1,27,0,0,0,0,0,0
1048,M15907,M,296.6,307.7,1474,52.6,101,0,0,0,0,0,0
6647,L53826,L,301.5,310.5,1479,34.2,147,0,0,0,0,0,0
6633,L53812,L,301.4,310.4,1301,51.2,112,0,0,0,0,0,0
9415,L56594,L,298.1,308.6,1354,53.9,207,1,0,0,0,1,0
8276,M23135,M,298.9,310.6,1720,25.3,197,0,0,0,0,0,0
3690,L50869,L,302.1,311.4,1889,22.7,194,0,0,0,0,0,0
2854,M17713,M,300.5,309.3,1539,39.1,216,0,0,0,0,0,0
8903,H38316,H,297.4,308.7,1522,46.3,146,0,0,0,0,0,0
545,M15404,M,297.5,309.4,1831,26.6,105,0,0,0,0,0,0
4504,M19363,M,302.5,310.2,1751,30.5,90,0,0,0,0,0,0
827,L48006,L,296.5,307.2,1481,38.2,160,0,0,0,0,0,0
6582,L53761,L,301.4,310.4,1559,36.0,196,0,0,0,0,0,0
7721,H37134,H,300.5,311.6,1476,41.7,97,0,0,0,0,0,0
4415,L51594,L,302.7,310.5,1520,39.3,73,0,0,0,0,0,0
5797,L52976,L,301.7,311.1,1399,55.1,156,0,0,0,0,0,0
392,L47571,L,297.6,308.6,1491,38.1,152,0,0,0,0,0,0
7464,H36877,H,300.1,311.4,1518,46.9,87,0,0,0,0,0,0
1513,H30926,H,298.0,308.7,1503,36.3,5,0,0,0,0,0,0
9342,M24201,M,298.3,308.9,1363,46.1,5,0,0,0,0,0,0
1452,L48631,L,298.9,310.4,1831,25.4,81,0,0,0,0,0,0
5548,M20407,M,302.3,311.7,1540,28.9,149,0,0,0,0,0,0
2698,L49877,L,300.0,309.6,1618,28.7,53,0,0,0,0,0,0
9004,L56183,L,297.1,307.9,1342,49.1,179,0,0,0,0,0,0
8589,L55768,L,297.3,307.8,1385,44.4,169,0,0,0,0,0,0
1470,L48649,L,298.6,309.8,1497,41.6,118,0,0,0,0,0,0
8826,M23685,M,297.3,308.8,1548,41.3,140,0,0,0,0,0,0
2840,M17699,M,300.4,309.4,1362,42.1,182,0,0,0,0,0,0
9582,L56761,L,299.4,310.6,1418,53.1,10,0,0,0,0,0,0
6782,M21641,M,301.3,310.8,1494,35.3,54,0,0,0,0,0,0
317,L47496,L,297.8,308.4,1714,33.2,177,0,0,0,0,0,0
6177,L53356,L,301.0,310.9,1515,37.3,6,0,0,0,0,0,0
1275,H30688,H,298.1,309.5,1530,40.2,65,0,0,0,0,0,0
3933,L51112,L,302.6,311.6,1953,22.4,180,0,0,0,0,0,0
1458,L48637,L,299.0,310.3,1475,42.4,93,0,0,0,0,0,0
1730,M16589,M,298.3,307.7,1439,43.8,111,0,0,0,0,0,0
9568,L56747,L,299.8,311.1,1412,42.5,181,0,0,0,0,0,0
6832,L54011,L,301.1,311.0,1565,52.3,183,0,0,0,0,0,0
9489,M24348,M,298.9,309.6,1567,34.5,204,0,0,0,0,0,0
9710,M24569,M,299.0,310.0,1486,34.6,91,0,0,0,0,0,0
5595,L52774,L,302.6,311.9,1598,35.5,69,0,0,0,0,0,0
2590,L49769,L,299.0,308.7,2250,16.6,208,0,0,0,0,0,0
3965,M18824,M,302.3,311.6,1668,33.2,52,0,0,0,0,0,0
5955,L53134,L,300.8,310.9,1732,25.7,109,0,0,0,0,0,0
4885,H34298,H,303.8,312.5,1655,28.0,170,0,0,0,0,0,0
4394,M19253,M,302.2,310.1,1572,34.6,17,0,0,0,0,0,0
4491,L51670,L,302.5,310.4,1967,20.3,50,0,0,0,0,0,0
3171,M18030,M,300.4,309.7,1685,32.3,167,0,0,0,0,0,0
1558,L48737,L,298.3,308.4,1585,30.6,127,0,0,0,0,0,0
3406,M18265,M,301.3,310.4,1635,32.5,110,0,0,0,0,0,0
6418,L53597,L,300.3,309.9,1540,39.9,203,0,0,0,0,0,0
8147,L55326,L,299.6,310.9,1533,31.8,91,0,0,0,0,0,0
282,L47461,L,298.1,308.0,1626,36.5,83,0,0,0,0,0,0
2143,L49322,L,299.3,308.9,1376,60.3,163,0,0,0,0,0,0
7055,H36468,H,300.7,310.5,1476,43.1,134,0,0,0,0,0,0
2234,L49413,L,299.5,308.7,2549,13.0,179,1,0,0,1,0,0
9704,L56883,L,298.9,310.0,1422,43.6,78,0,0,0,0,0,0
5667,L52846,L,302.2,311.4,1430,43.1,29,0,0,0,0,0,0
1397,L48576,L,299.0,310.3,1483,39.2,153,0,0,0,0,0,0
2154,H31567,H,299.3,308.8,1397,45.4,191,0,0,0,0,0,0
4018,L51197,L,302.0,310.8,1902,23.4,188,0,0,0,0,0,0
3552,L50731,L,301.9,310.9,1799,24.2,54,0,0,0,0,0,0
555,H29968,H,297.5,309.4,1368,45.3,129,0,0,0,0,0,0
8219,L55398,L,299.1,310.5,1485,37.8,46,0,0,0,0,0,0
4052,L51231,L,301.8,310.8,1383,46.4,37,0,0,0,0,0,0
8281,L55460,L,298.8,310.6,1602,39.1,211,0,0,0,0,0,0
2240,L49419,L,299.2,308.6,1381,50.0,193,0,0,0,0,0,0
8148,L55327,L,299.5,310.8,1447,41.0,93,0,0,0,0,0,0
3855,L51034,L,302.4,311.0,1338,67.6,194,1,0,0,1,1,0
1643,H31056,H,298.0,307.8,1588,35.4,114,0,0,0,0,0,0
1138,L48317,L,296.9,307.8,1653,29.7,137,0,0,0,0,0,0
3656,L50835,L,302.1,311.4,1686,30.9,106,0,0,0,0,0,0
8516,L55695,L,298.2,309.4,1443,45.4,187,0,0,0,0,0,0
4935,L52114,L,303.4,312.2,1580,35.8,90,0,0,0,0,0,0
9016,L56195,L,297.2,308.1,1431,49.7,210,1,0,0,0,0,0
5122,L52301,L,304.2,313.6,1469,40.0,154,0,0,0,0,0,0
9947,L57126,L,298.3,307.9,1502,42.0,103,0,0,0,0,0,0
9669,L56848,L,299.1,310.3,1619,35.2,240,0,0,0,0,0,0
820,L47999,L,296.8,307.6,1398,46.7,144,0,0,0,0,0,0
4023,L51202,L,302.1,310.9,1666,30.7,203,0,0,0,0,0,0
2792,H32205,H,300.4,309.6,1416,43.3,66,0,0,0,0,0,0
5636,L52815,L,302.6,312.1,1502,47.3,171,0,0,0,0,0,0
9199,M24058,M,297.9,308.8,1538,37.6,54,0,0,0,0,0,0
1895,H31308,H,297.9,307.5,1880,23.3,146,0,0,0,0,0,0
7318,L54497,L,299.9,310.3,1638,29.1,152,0,0,0,0,0,0
6747,M21606,M,301.7,311.1,1578,40.5,174,0,0,0,0,0,0
4359,H33772,H,302.0,309.9,1606,34.5,156,0,0,0,0,0,0
7595,L54774,L,300.6,311.3,1531,38.5,0,0,0,0,0,0,0
7051,L54230,L,300.6,310.4,1457,47.7,120,0,0,0,0,0,0
1680,L48859,L,298.0,307.5,1792,27.9,217,0,0,0,0,0,0
8985,L56164,L,297.1,307.8,1406,60.4,133,0,0,0,0,0,0
1197,M16056,M,297.0,307.9,1493,34.7,57,0,0,0,0,0,0
6194,L53373,L,301.0,310.9,1578,38.4,49,0,0,0,0,0,0
9321,L56500,L,298.4,309.3,1409,43.1,166,0,0,0,0,0,0
4898,H34311,H,303.8,312.5,1525,38.0,209,0,0,0,0,0,0
8350,M23209,M,298.7,309.5,1487,33.6,183,0,0,0,0,0,0
1012,M15871,M,296.2,307.3,1451,42.8,11,0,0,0,0,0,0
9661,M24520,M,298.9,309.8,1392,43.1,218,0,0,0,0,0,0
6449,H35862,H,300.7,310.2,1877,24.8,64,0,0,0,0,0,0
5232,L52411,L,303.8,313.1,1458,42.2,25,0,0,0,0,0,0
612,L47791,L,298.1,310.0,1553,40.9,49,0,0,0,0,0,0
4376,L51555,L,302.0,309.7,1414,36.3,209,0,0,0,0,0,0
6509,H35922,H,301.0,310.1,1756,30.7,2,0,0,0,0,0,0
8351,M23210,M,298.7,309.6,1382,48.1,186,0,0,0,0,0,0
9309,L56488,L,298.4,309.1,1423,48.0,135,0,0,0,0,0,0
4521,L51700,L,302.4,310.4,1456,47.6,127,0,0,0,0,0,0
7803,L54982,L,299.9,311.3,1429,58.2,103,0,0,0,0,0,0
5043,L52222,L,304.1,313.2,1569,35.8,146,0,0,0,0,0,0
6388,M21247,M,300.2,309.8,1487,39.2,122,0,0,0,0,0,0
1369,H30782,H,298.8,310.3,1708,27.1,78,0,0,0,0,0,0
307,L47486,L,297.8,308.4,1374,47.1,150,0,0,0,0,0,0
6967,L54146,L,300.7,311.0,1969,20.7,109,0,0,0,0,0,0
3976,H33389,H,302.4,311.5,1540,43.7,81,0,0,0,0,0,0
3831,L51010,L,302.3,310.9,1891,22.7,135,0,0,0,0,0,0
999,M15858,M,296.4,307.2,2071,19.4,183,0,0,0,0,0,0
2443,M17302,M,299.1,308.4,1332,51.7,71,0,0,0,0,0,0
9079,L56258,L,297.3,308.1,1566,35.7,156,0,0,0,0,0,0
5146,L52325,L,304.5,313.7,1670,32.9,7,0,0,0,0,0,0
1301,L48480,L,298.7,309.8,1322,57.0,140,0,0,0,0,0,0
9214,L56393,L,298.0,309.0,1679,32.4,90,0,0,0,0,0,0
5907,L53086,L,300.7,310.3,1533,35.6,198,0,0,0,0,0,0
1805,L48984,L,298.1,307.7,1495,48.1,111,0,0,0,0,0,0
4971,L52150,L,303.8,312.6,1565,36.0,179,0,0,0,0,0,0
3106,L50285,L,299.8,309.1,1612,35.4,205,0,0,0,0,0,0
8267,L55446,L,299.1,310.6,1818,24.1,173,0,0,0,0,0,0
8462,L55641,L,298.7,309.9,1446,43.3,46,0,0,0,0,0,0
7303,L54482,L,300.1,310.5,1494,44.2,117,0,0,0,0,0,0
7601,M22460,M,300.4,311.0,1595,35.4,15,0,0,0,0,0,0
3160,H32573,H,300.4,309.8,1409,47.5,138,0,0,0,0,0,0
8975,L56154,L,296.8,307.5,1474,42.4,107,0,0,0,0,0,0
4263,L51442,L,302.6,311.0,2001,20.7,137,0,0,0,0,0,0
2784,M17643,M,300.2,309.6,1528,35.1,44,0,0,0,0,0,0
8329,L55508,L,298.6,309.5,1325,52.2,127,0,0,0,0,0,0
4351,M19210,M,301.9,309.7,1568,37.5,135,0,0,0,0,0,0
708,L47887,L,297.7,308.9,1838,27.3,99,0,0,0,0,0,0
575,M15434,M,297.9,310.0,1439,41.7,185,0,0,0,0,0,0
3570,M18429,M,301.8,310.6,1552,35.9,97,0,0,0,0,0,0
6790,M21649,M,301.1,310.5,1646,30.7,76,0,0,0,0,0,0
8345,L55524,L,298.8,309.7,1609,40.4,169,0,0,0,0,0,0
790,M15649,M,296.9,308.0,1641,33.3,67,0,0,0,0,0,0
4689,L51868,L,303.5,311.6,1577,38.1,112,0,0,0,0,0,0
9232,L56411,L,298.2,309.1,1539,36.5,134,0,0,0,0,0,0
9865,M24724,M,298.9,309.9,1645,31.4,86,0,0,0,0,0,0
3303,L50482,L,301.3,310.5,1503,48.6,72,0,0,0,0,0,0
7493,M22352,M,300.3,311.7,1319,51.4,170,0,0,0,0,0,0
1693,M16552,M,298.1,307.6,1764,27.7,23,0,0,0,0,0,0
2346,L49525,L,299.2,308.4,1475,38.7,22,0,0,0,0,0,0
4978,L52157,L,303.7,312.7,1540,44.8,196,0,0,0,0,0,0
9525,H38938,H,299.0,310.3,1658,27.6,69,0,0,0,0,0,0
1271,M16130,M,298.0,309.4,1276,65.9,50,0,0,0,0,0,0
3423,L50602,L,301.5,310.4,1629,34.1,151,0,0,0,0,0,0
7308,M22167,M,300.0,310.4,1385,52.1,128,0,0,0,0,0,0
1043,L48222,L,296.6,307.6,1542,37.4,88,0,0,0,0,0,0
9234,L56413,L,298.3,309.1,1403,45.1,138,0,0,0,0,0,0
5091,M19950,M,303.9,313.2,1570,40.7,74,0,0,0,0,0,0
4066,M18925,M,301.9,310.7,1511,37.6,70,0,0,0,0,0,0
9014,H38427,H,297.2,308.0,1435,43.0,202,0,0,0,0,0,0
3666,M18525,M,302.4,311.8,1358,50.6,133,0,0,0,0,0,0
8695,L55874,L,297.2,308.5,1766,25.8,7,0,0,0,0,0,0
1825,L49004,L,298.1,307.5,1391,57.4,161,0,0,0,0,0,0
8713,L55892,L,297.2,308.6,1652,32.1,52,0,0,0,0,0,0
7760,L54939,L,300.4,311.8,1272,59.2,198,1,0,0,0,1,0
569,L47748,L,297.8,309.7,1935,22.1,171,0,0,0,0,0,0
3254,L50433,L,301.1,309.6,1502,48.9,160,0,0,0,0,0,0
36,M14895,M,298.8,309.2,1452,48.6,98,0,0,0,0,0,0
9563,M24422,M,299.7,311.0,1435,50.1,168,0,0,0,0,0,0
5117,L52296,L,304.2,313.8,1401,53.9,142,0,0,0,0,0,0
6767,M21626,M,301.4,311.0,1427,43.2,13,0,0,0,0,0,0
5878,L53057,L,301.5,311.1,1458,41.4,123,0,0,0,0,0,0
751,L47930,L,296.7,308.0,1535,36.8,210,0,0,0,0,0,0
6925,L54104,L,301.2,311.6,1461,52.9,208,1,0,0,0,1,0
5441,H34854,H,303.0,312.5,1698,30.0,89,0,0,0,0,0,0
5757,M20616,M,302.0,311.5,1366,52.3,54,0,0,0,0,0,0
1802,M16661,M,298.0,307.5,1427,43.6,101,0,0,0,0,0,0
9596,H39009,H,299.0,310.1,1432,50.0,45,0,0,0,0,0,0
4379,M19238,M,301.9,309.6,1385,45.8,217,0,0,0,0,0,0
8850,L56029,L,297.5,308.9,1596,30.7,5,0,0,0,0,0,0
1537,M16396,M,298.2,308.9,1326,54.4,75,0,0,0,0,0,0
8302,M23161,M,298.7,310.1,1644,34.1,46,0,0,0,0,0,0
9504,M24363,M,299.2,310.3,1551,44.8,18,0,0,0,0,0,0
414,L47593,L,297.4,308.4,1573,34.5,205,0,0,0,0,0,0
330,H29743,H,297.7,308.5,1720,29.9,210,0,0,0,0,0,0
6558,M21417,M,301.5,310.6,1638,31.9,137,0,0,0,0,0,0
3446,M18305,M,301.6,310.6,1599,36.1,208,0,0,0,0,0,0
400,L47579,L,297.4,308.4,1392,49.7,174,0,0,0,0,0,0
477,L47656,L,297.4,309.0,1570,37.9,154,0,0,0,0,0,0
1995,M16854,M,298.2,307.9,1403,45.1,193,0,0,0,0,0,0
3615,L50794,L,301.8,311.0,1606,33.3,4,0,0,0,0,0,0
9520,L56699,L,299.0,310.1,1531,36.0,57,0,0,0,0,0,0
3441,L50620,L,301.3,310.3,1460,41.5,197,0,0,0,0,0,0
8885,L56064,L,298.0,309.2,1527,32.4,99,0,0,0,0,0,0
8407,M23266,M,298.4,309.5,1344,45.3,122,0,0,0,0,0,0
3477,L50656,L,301.8,310.6,1522,43.8,70,0,0,0,0,0,0
978,L48157,L,296.0,306.7,1917,21.0,127,0,0,0,0,0,0
9471,H38884,H,298.6,309.4,1439,47.1,149,0,0,0,0,0,0
5672,H35085,H,302.2,311.6,1534,37.2,41,0,0,0,0,0,0
4431,H33844,H,302.3,310.1,1688,30.4,115,0,0,0,0,0,0
9999,H39412,H,299.0,308.7,1408,48.5,25,0,0,0,0,0,0
4629,M19488,M,303.0,311.1,1597,36.7,191,0,0,0,0,0,0
5115,M19974,M,304.2,313.8,1481,44.9,136,0,0,0,0,0,0
3809,M18668,M,302.3,310.9,1762,24.5,73,0,0,0,0,0,0
6886,L54065,L,300.8,311.2,1397,48.7,111,0,0,0,0,0,0
4771,L51950,L,303.5,311.9,1344,49.3,93,1,0,1,0,0,0
9744,L56923,L,298.9,310.2,1562,42.5,179,0,0,0,0,0,0
717,H30130,H,297.4,308.6,1420,45.8,120,0,0,0,0,0,0
8250,L55429,L,299.0,310.4,1524,39.8,120,0,0,0,0,0,0
3747,H33160,H,302.5,311.3,1393,47.5,130,0,0,0,0,0,0
7068,M21927,M,300.8,310.7,1386,42.1,170,0,0,0,0,0,0
5307,H34720,H,304.0,313.2,1612,31.7,206,0,0,0,0,0,0
1715,L48894,L,298.2,307.8,1388,48.6,76,0,0,0,0,0,0
528,M15387,M,297.6,309.6,1592,35.8,57,0,0,0,0,0,0
8534,M23393,M,298.6,309.4,1465,41.1,30,0,0,0,0,0,0
4503,L51682,L,302.4,310.2,1642,28.3,88,0,0,0,0,0,0
4475,L51654,L,302.7,310.5,1563,35.0,8,0,0,0,0,0,0
9926,M24785,M,298.5,308.7,1367,47.3,47,0,0,0,0,0,0
6854,L54033,L,300.9,311.1,1417,40.7,24,0,0,0,0,0,0
4277,M19136,M,302.2,310.4,1456,47.5,167,0,0,0,0,0,0
3854,L51033,L,302.4,311.0,1486,40.4,192,0,0,0,0,0,0
5444,M20303,M,303.0,312.7,1426,46.8,99,0,0,0,0,0,0
3702,L50881,L,302.1,311.2,1417,48.0,13,0,0,0,0,0,0
6665,L53844,L,301.3,310.4,1538,38.4,195,0,0,0,0,0,0
879,M15738,M,295.7,306.3,1685,34.9,84,0,0,0,0,0,0
9075,M23934,M,297.2,308.1,1554,41.3,147,0,0,0,0,0,0
3322,L50501,L,301.5,310.6,1522,41.0,114,0,0,0,0,0,0
9610,L56789,L,299.0,310.1,1470,40.3,83,0,0,0,0,0,0
4793,H34206,H,303.7,312.7,1564,40.2,150,0,0,0,0,0,0
7791,L54970,L,300.1,311.4,1729,29.3,71,0,0,0,0,0,0
6595,L53774,L,301.6,310.6,2103,19.7,12,0,0,0,0,0,0
8678,M23537,M,297.3,308.5,1664,28.9,174,0,0,0,0,0,0
4149,L51328,L,301.9,310.3,1972,21.3,67,0,0,0,0,0,0
6902,L54081,L,301.0,311.7,1547,34.5,152,0,0,0,0,0,0
6276,L53455,L,301.3,310.8,1628,32.2,43,0,0,0,0,0,0
5163,L52342,L,304.2,313.3,1464,45.9,48,0,0,0,0,0,0
1122,L48301,L,296.6,307.6,1459,40.2,96,0,0,0,0,0,0
3813,L50992,L,302.0,310.6,1392,50.0,84,0,0,0,0,0,0
9003,L56182,L,297.1,307.8,1477,36.6,177,0,0,0,0,0,0
4337,H33750,H,301.6,309.9,1423,53.6,95,0,0,0,0,0,0
2730,L49909,L,299.7,309.3,1417,54.6,131,0,0,0,0,0,0
7134,M21993,M,300.5,309.9,1552,41.3,116,0,0,0,0,0,0
407,L47586,L,297.4,308.6,1439,51.9,188,0,0,0,0,0,0
9657,L56836,L,299.0,310.1,1623,33.0,210,0,0,0,0,0,0
6599,L53778,L,301.5,310.7,1424,51.1,22,0,0,0,0,0,0
1936,M16795,M,298.1,307.9,1377,55.1,42,0,0,0,0,0,0
8524,H37937,H,298.3,309.3,1529,41.7,5,0,0,0,0,0,0
9595,L56774,L,299.1,310.3,1727,28.7,43,0,0,0,0,0,0
5966,H35379,H,300.5,310.9,1447,46.5,137,0,0,0,0,0,0
2175,L49354,L,299.6,309.2,1572,33.4,20,0,0,0,0,0,0
6349,L53528,L,300.2,309.8,1557,33.8,19,0,0,0,0,0,0
6764,M21623,M,301.4,310.8,1782,26.5,6,0,0,0,0,0,0
2609,L49788,L,299.5,309.3,1409,44.7,46,0,0,0,0,0,0
8266,H37679,H,299.1,310.6,1791,28.0,168,0,0,0,0,0,0
9133,M23992,M,297.6,308.6,1585,42.0,90,0,0,0,0,0,0
2691,L49870,L,300.0,309.5,1728,26.0,37,0,0,0,0,0,0
7328,M22187,M,299.9,310.5,1576,39.4,183,0,0,0,0,0,0
3523,L50702,L,301.8,311.0,1651,32.5,195,0,0,0,0,0,0
7507,L54686,L,300.5,311.9,1511,41.8,205,0,0,0,0,0,0
9287,L56466,L,298.2,308.9,1605,32.0,79,0,0,0,0,0,0
3161,M18020,M,300.4,309.7,1367,51.2,143,0,0,0,0,0,0
1699,L48878,L,297.9,307.6,1481,38.0,40,0,0,0,0,0,0
8062,M22921,M,300.2,311.6,1465,41.4,78,0,0,0,0,0,0
3890,L51069,L,302.4,311.2,1404,52.0,57,0,0,0,0,0,0
8313,M23172,M,298.8,310.0,1529,38.5,77,0,0,0,0,0,0
767,L47946,L,296.8,308.0,1561,38.3,9,0,0,0,0,0,0
8515,L55694,L,298.2,309.4,1447,47.1,185,0,0,0,0,0,0
1997,M16856,M,298.4,308.0,1416,38.2,198,1,1,0,0,0,0
6423,L53602,L,300.3,309.9,1377,55.3,4,0,0,0,0,0,0
8627,L55806,L,297.4,308.2,1402,49.7,41,0,0,0,0,0,0
9413,L56592,L,298.0,308.5,1702,26.7,203,0,0,0,0,0,0
9826,L57005,L,298.4,309.2,1610,32.4,194,0,0,0,0,0,0
8358,L55537,L,298.5,309.5,1385,46.3,203,1,1,0,0,0,0
2103,L49282,L,299.3,309.3,1325,62.0,47,0,0,0,0,0,0
9005,M23864,M,297.1,307.8,1538,34.3,181,0,0,0,0,0,0
4438,L51617,L,302.4,310.2,1578,31.2,139,0,0,0,0,0,0
393,M15252,M,297.6,308.5,1490,43.4,154,0,0,0,0,0,0
1674,M16533,M,298.1,307.8,1384,43.7,200,0,0,0,0,0,0
1837,L49016,L,297.7,307.2,1518,35.8,195,0,0,0,0,0,0
6538,M21397,M,301.3,310.5,1481,39.7,85,0,0,0,0,0,0
9535,L56714,L,299.3,310.6,1443,45.7,97,0,0,0,0,0,0
1305,L48484,L,298.8,310.0,2098,19.6,148,0,0,0,0,0,0
2608,L49787,L,299.4,309.3,1448,48.6,44,0,0,0,0,0,0
9503,L56682,L,299.3,310.2,1495,49.2,16,0,0,0,0,0,0
3694,L50873,L,302.1,311.3,1521,31.5,202,0,0,0,0,0,0
3472,L50651,L,301.8,310.7,1441,49.3,58,0,0,0,0,0,0
3351,L50530,L,301.4,310.8,1285,62.6,183,1,0,0,0,1,0
8194,L55373,L,299.5,310.8,1873,22.3,211,0,0,0,0,0,0
4604,H34017,H,302.9,311.0,1452,58.3,123,0,0,0,0,0,0
